user_id,event,timestamp,salary,channel
user_674,page_view,2026-08-07 08:25:42.607057,165443.0,google
user_491,application_submitted,2026-08-26 18:25:42.607057,168835.0,linkedin
user_322,application_started,2026-08-12 02:25:42.607057,90491.0,referral
user_72,job_search,2026-08-03 11:25:42.607057,159730.0,linkedin
user_926,application_submitted,2026-08-31 04:25:42.607057,146332.0,referral
user_458,job_search,2026-08-29 12:25:42.607057,58081.0,referral
user_497,page_view,2026-08-25 02:25:42.607057,47719.0,direct
user_305,application_submitted,2026-08-23 02:25:42.607057,,google
user_874,application_started,2026-08-08 17:25:42.607057,87509.0,linkedin
user_415,application_submitted,2026-08-11 09:25:42.607057,107999.0,direct
user_57,application_started,2026-08-02 15:25:42.607057,125306.0,referral
user_335,page_view,2026-08-02 11:25:42.607057,140693.0,linkedin
user_947,job_search,2026-08-07 16:25:42.607057,188908.0,direct
user_24,job_search,2026-08-15 21:25:42.607057,51941.0,direct
user_782,application_started,2026-08-01 17:25:42.607057,151575.0,google
user_727,job_search,2026-08-31 06:25:42.607057,68706.0,direct
user_568,application_started,2026-08-04 10:25:42.607057,183640.0,referral
user_95,job_search,2026-08-07 09:25:42.607057,65694.0,google
user_137,application_started,2026-08-14 04:25:42.607057,56706.0,linkedin
user_522,application_started,2026-08-15 20:25:42.607057,173036.0,google
user_496,job_search,2026-08-14 02:25:42.607057,63024.0,direct
user_818,page_view,2026-08-20 16:25:42.607057,,referral
user_584,application_started,2026-08-18 22:25:42.607057,56992.0,google
user_549,job_search,2026-08-19 03:25:42.607057,110490.0,google
user_214,application_started,2026-08-17 08:25:42.607057,193465.0,referral
user_439,page_view,2026-08-04 23:25:42.607057,,google
user_352,job_search,2026-08-18 01:25:42.607057,69949.0,google
user_909,page_view,2026-08-24 22:25:42.607057,71229.0,linkedin
user_946,application_submitted,2026-08-17 18:25:42.607057,155732.0,direct
user_616,application_submitted,2026-08-17 03:25:42.607057,159923.0,direct
user_445,application_submitted,2026-08-09 20:25:42.607057,40760.0,direct
user_316,application_submitted,2026-08-18 21:25:42.607057,101450.0,referral
user_974,application_submitted,2026-08-31 18:25:42.607057,176746.0,google
user_618,page_view,2026-08-13 15:25:42.607057,122889.0,referral
user_910,job_search,2026-08-11 18:25:42.607057,193354.0,google
user_631,application_submitted,2026-08-09 04:25:42.607057,121598.0,referral
user_115,application_submitted,2026-08-27 07:25:42.607057,79186.0,linkedin
user_291,page_view,2026-08-19 01:25:42.607057,195616.0,direct
user_270,application_started,2026-08-06 01:25:42.607057,65793.0,referral
user_194,application_started,2026-08-05 14:25:42.607057,59416.0,google
user_181,page_view,2026-08-23 15:25:42.607057,64309.0,google
user_0,page_view,2026-08-18 19:25:42.607057,143671.0,google
user_667,application_started,2026-08-16 17:25:42.607057,108804.0,direct
user_126,application_started,2026-09-01 05:25:42.607057,107441.0,linkedin
user_521,page_view,2026-08-15 01:25:42.607057,137291.0,referral
user_223,application_submitted,2026-08-29 18:25:42.607057,41675.0,google
user_530,job_search,2026-08-03 18:25:42.607057,132496.0,google
user_7,job_search,2026-08-24 13:25:42.607057,84846.0,google
user_556,job_search,2026-08-16 20:25:42.607057,123550.0,google
user_494,application_started,2026-08-31 10:25:42.607057,168965.0,linkedin
user_386,application_started,2026-08-12 21:25:42.607057,86118.0,linkedin
user_144,job_search,2026-08-03 11:25:42.607057,179146.0,google
user_335,application_submitted,2026-08-12 01:25:42.607057,58857.0,google
user_196,application_submitted,2026-08-04 17:25:42.607057,142886.0,direct
user_990,page_view,2026-08-07 03:25:42.607057,168198.0,direct
user_807,application_submitted,2026-08-09 10:25:42.607057,58665.0,referral
user_419,job_search,2026-08-31 00:25:42.607057,143966.0,linkedin
user_744,page_view,2026-08-22 05:25:42.607057,183017.0,referral
user_983,page_view,2026-09-01 03:25:42.607057,134013.0,direct
user_406,page_view,2026-08-24 22:25:42.607057,161314.0,referral
user_289,application_submitted,2026-08-30 15:25:42.607057,190503.0,referral
user_606,application_submitted,2026-08-25 07:25:42.607057,138825.0,linkedin
user_573,application_submitted,2026-08-01 23:25:42.607057,159989.0,google
user_541,page_view,2026-08-19 10:25:42.607057,74704.0,google
user_983,page_view,2026-08-24 15:25:42.607057,44844.0,linkedin
user_383,job_search,2026-08-26 16:25:42.607057,,google
user_42,page_view,2026-08-05 22:25:42.607057,118126.0,direct
user_350,application_started,2026-08-18 04:25:42.607057,190410.0,linkedin
user_888,page_view,2026-08-07 13:25:42.607057,163479.0,referral
user_75,job_search,2026-08-31 21:25:42.607057,101155.0,linkedin
user_215,job_search,2026-08-06 20:25:42.607057,61066.0,referral
user_209,job_search,2026-08-16 02:25:42.607057,175300.0,direct
user_928,application_started,2026-08-24 23:25:42.607057,43957.0,direct
user_670,application_submitted,2026-08-17 02:25:42.607057,180547.0,google
user_459,application_submitted,2026-08-19 22:25:42.607057,114492.0,google
user_335,application_submitted,2026-08-30 16:25:42.607057,122469.0,referral
user_184,page_view,2026-08-13 04:25:42.607057,189626.0,google
user_858,application_submitted,2026-08-01 22:25:42.607057,42193.0,linkedin
user_689,application_started,2026-08-29 07:25:42.607057,119260.0,referral
user_744,page_view,2026-08-22 18:25:42.607057,108900.0,linkedin
user_123,job_search,2026-08-27 19:25:42.607057,150357.0,linkedin
user_864,application_started,2026-08-01 13:25:42.607057,127478.0,linkedin
user_196,application_submitted,2026-08-29 11:25:42.607057,117804.0,direct
user_682,page_view,2026-08-19 17:25:42.607057,69679.0,linkedin
user_473,application_started,2026-08-19 06:25:42.607057,118019.0,google
user_385,application_submitted,2026-08-02 11:25:42.607057,146278.0,direct
user_815,application_submitted,2026-08-22 14:25:42.607057,80028.0,direct
user_557,application_submitted,2026-08-20 15:25:42.607057,152361.0,direct
user_19,job_search,2026-08-21 20:25:42.607057,63860.0,direct
user_180,job_search,2026-08-27 00:25:42.607057,182644.0,direct
user_939,page_view,2026-08-31 10:25:42.607057,110847.0,referral
user_852,application_submitted,2026-08-23 07:25:42.607057,115547.0,referral
user_832,application_submitted,2026-08-13 07:25:42.607057,,direct
user_465,application_submitted,2026-08-31 06:25:42.607057,97029.0,referral
user_932,job_search,2026-08-26 19:25:42.607057,63694.0,referral
user_660,job_search,2026-08-21 19:25:42.607057,46267.0,linkedin
user_121,page_view,2026-08-03 23:25:42.607057,67335.0,linkedin
user_535,job_search,2026-08-30 17:25:42.607057,51441.0,referral
user_69,page_view,2026-08-30 10:25:42.607057,58898.0,direct
user_683,job_search,2026-08-17 14:25:42.607057,41082.0,direct
user_471,application_submitted,2026-08-15 23:25:42.607057,130399.0,direct
user_975,application_submitted,2026-08-22 07:25:42.607057,60416.0,referral
user_721,application_submitted,2026-08-03 23:25:42.607057,172461.0,linkedin
user_184,application_started,2026-08-15 07:25:42.607057,51776.0,referral
user_649,application_submitted,2026-08-11 10:25:42.607057,122339.0,referral
user_878,job_search,2026-08-30 17:25:42.607057,136203.0,direct
user_158,job_search,2026-08-15 23:25:42.607057,78442.0,direct
user_96,application_submitted,2026-08-15 17:25:42.607057,148880.0,referral
user_189,application_started,2026-08-09 20:25:42.607057,101794.0,linkedin
user_71,application_started,2026-08-23 20:25:42.607057,132800.0,google
user_417,application_submitted,2026-08-02 00:25:42.607057,189506.0,referral
user_140,page_view,2026-08-06 20:25:42.607057,75915.0,referral
user_268,application_submitted,2026-08-29 11:25:42.607057,,google
user_790,application_submitted,2026-08-04 09:25:42.607057,,linkedin
user_5,application_started,2026-08-23 16:25:42.607057,166462.0,referral
user_553,application_submitted,2026-08-22 12:25:42.607057,136518.0,google
user_597,application_started,2026-08-22 06:25:42.607057,110625.0,referral
user_513,job_search,2026-08-26 18:25:42.607057,137960.0,google
user_679,application_started,2026-08-19 09:25:42.607057,119830.0,referral
user_890,application_started,2026-08-25 22:25:42.607057,79634.0,direct
user_931,application_started,2026-08-12 04:25:42.607057,198231.0,linkedin
user_757,application_submitted,2026-08-12 23:25:42.607057,103773.0,referral
user_998,application_submitted,2026-08-13 11:25:42.607057,178512.0,referral
user_405,job_search,2026-08-26 21:25:42.607057,85342.0,linkedin
user_365,application_started,2026-08-23 15:25:42.607057,145135.0,direct
user_511,application_started,2026-08-02 06:25:42.607057,84074.0,referral
user_621,page_view,2026-08-30 09:25:42.607057,114885.0,google
user_371,page_view,2026-08-08 01:25:42.607057,94464.0,google
user_997,page_view,2026-08-09 17:25:42.607057,46110.0,referral
user_390,page_view,2026-08-07 16:25:42.607057,46434.0,linkedin
user_181,page_view,2026-08-10 08:25:42.607057,120933.0,linkedin
user_951,job_search,2026-08-26 14:25:42.607057,53170.0,google
user_30,application_started,2026-08-25 19:25:42.607057,187351.0,google
user_161,application_started,2026-08-26 17:25:42.607057,82666.0,linkedin
user_128,page_view,2026-08-20 19:25:42.607057,46296.0,google
user_110,application_started,2026-08-09 07:25:42.607057,,direct
user_789,application_started,2026-08-10 19:25:42.607057,113899.0,linkedin
user_326,application_started,2026-08-18 22:25:42.607057,56240.0,direct
user_506,job_search,2026-08-19 09:25:42.607057,186995.0,direct
user_544,application_started,2026-08-21 17:25:42.607057,124169.0,linkedin
user_233,application_submitted,2026-08-19 22:25:42.607057,100534.0,direct
user_342,page_view,2026-08-23 11:25:42.607057,122200.0,referral
user_836,job_search,2026-08-01 20:25:42.607057,83987.0,google
user_102,application_submitted,2026-08-25 01:25:42.607057,129160.0,google
user_540,page_view,2026-08-28 08:25:42.607057,47135.0,referral
user_767,job_search,2026-08-05 17:25:42.607057,192097.0,google
user_51,application_started,2026-08-21 00:25:42.607057,45265.0,google
user_395,application_started,2026-08-20 14:25:42.607057,47887.0,linkedin
user_901,application_started,2026-08-14 20:25:42.607057,50279.0,linkedin
user_694,application_started,2026-08-31 03:25:42.607057,133419.0,linkedin
user_9,page_view,2026-08-25 10:25:42.607057,115291.0,direct
user_171,job_search,2026-08-26 00:25:42.607057,158173.0,google
user_18,application_submitted,2026-08-30 01:25:42.607057,,direct
user_605,job_search,2026-08-14 09:25:42.607057,60147.0,linkedin
user_138,application_submitted,2026-08-16 07:25:42.607057,154566.0,referral
user_974,page_view,2026-08-14 05:25:42.607057,111491.0,direct
user_609,application_submitted,2026-08-30 14:25:42.607057,91332.0,linkedin
user_739,application_submitted,2026-08-17 00:25:42.607057,178185.0,linkedin
user_433,application_started,2026-08-25 22:25:42.607057,136428.0,direct
user_10,job_search,2026-08-07 10:25:42.607057,161019.0,linkedin
user_842,application_started,2026-08-08 13:25:42.607057,142472.0,linkedin
user_200,job_search,2026-08-17 07:25:42.607057,171275.0,direct
user_61,application_submitted,2026-08-23 22:25:42.607057,121571.0,direct
user_252,page_view,2026-08-09 02:25:42.607057,176862.0,direct
user_104,job_search,2026-08-17 18:25:42.607057,129027.0,direct
user_637,application_started,2026-08-04 00:25:42.607057,59142.0,google
user_228,page_view,2026-08-06 08:25:42.607057,82993.0,referral
user_936,page_view,2026-08-27 23:25:42.607057,56819.0,referral
user_676,application_submitted,2026-08-30 17:25:42.607057,165181.0,direct
user_833,page_view,2026-08-15 14:25:42.607057,70180.0,google
user_294,application_submitted,2026-08-24 09:25:42.607057,153505.0,google
user_777,application_submitted,2026-08-11 07:25:42.607057,,google
user_645,job_search,2026-08-30 05:25:42.607057,99789.0,direct
user_419,application_submitted,2026-08-11 04:25:42.607057,79457.0,referral
user_618,application_submitted,2026-09-01 01:25:42.607057,180338.0,google
user_659,job_search,2026-08-21 01:25:42.607057,171401.0,referral
user_545,page_view,2026-08-19 12:25:42.607057,192344.0,direct
user_241,page_view,2026-08-25 02:25:42.607057,112510.0,direct
user_12,application_submitted,2026-08-10 09:25:42.607057,43808.0,google
user_393,application_submitted,2026-08-14 06:25:42.607057,,referral
user_760,job_search,2026-08-28 13:25:42.607057,103191.0,linkedin
user_444,application_started,2026-08-02 05:25:42.607057,136844.0,direct
user_600,job_search,2026-08-03 10:25:42.607057,,linkedin
user_579,application_started,2026-08-06 10:25:42.607057,191976.0,direct
user_789,application_submitted,2026-08-25 10:25:42.607057,129126.0,linkedin
user_971,application_submitted,2026-08-27 04:25:42.607057,,google
user_338,application_started,2026-08-28 06:25:42.607057,196279.0,referral
user_649,application_submitted,2026-08-13 06:25:42.607057,197630.0,google
user_358,job_search,2026-08-27 10:25:42.607057,53794.0,direct
user_353,page_view,2026-08-14 18:25:42.607057,76735.0,google
user_836,page_view,2026-08-02 23:25:42.607057,92354.0,referral
user_128,page_view,2026-08-02 01:25:42.607057,127674.0,linkedin
user_3,application_started,2026-08-27 05:25:42.607057,107947.0,referral
user_899,job_search,2026-08-23 03:25:42.607057,147537.0,google
user_247,job_search,2026-08-21 17:25:42.607057,41809.0,google
user_225,application_started,2026-08-31 14:25:42.607057,186000.0,linkedin
user_935,job_search,2026-08-12 18:25:42.607057,87935.0,direct
user_11,job_search,2026-08-03 04:25:42.607057,88868.0,google
user_869,job_search,2026-08-26 06:25:42.607057,,linkedin
user_995,application_started,2026-08-14 09:25:42.607057,119261.0,direct
user_848,application_submitted,2026-08-07 13:25:42.607057,177596.0,google
user_58,application_started,2026-08-21 08:25:42.607057,63216.0,google
user_385,application_submitted,2026-08-15 13:25:42.607057,103769.0,google
user_711,application_started,2026-08-06 21:25:42.607057,,referral
user_44,application_started,2026-08-30 22:25:42.607057,83828.0,linkedin
user_414,job_search,2026-08-05 13:25:42.607057,156290.0,direct
user_65,page_view,2026-08-01 14:25:42.607057,95891.0,google
user_57,page_view,2026-08-08 02:25:42.607057,87498.0,linkedin
user_475,job_search,2026-08-11 17:25:42.607057,62386.0,referral
user_688,application_started,2026-08-18 14:25:42.607057,,direct
user_630,application_submitted,2026-09-01 00:25:42.607057,57971.0,referral
user_239,application_submitted,2026-08-19 02:25:42.607057,59393.0,referral
user_46,page_view,2026-08-23 15:25:42.607057,170801.0,linkedin
user_856,application_started,2026-08-03 02:25:42.607057,83457.0,google
user_573,job_search,2026-08-01 22:25:42.607057,182787.0,google
user_991,application_submitted,2026-08-31 05:25:42.607057,110941.0,google
user_95,job_search,2026-08-26 10:25:42.607057,154131.0,direct
user_211,page_view,2026-08-30 00:25:42.607057,178920.0,referral
user_221,application_started,2026-08-07 14:25:42.607057,149846.0,direct
user_322,application_started,2026-08-31 10:25:42.607057,133012.0,direct
user_775,application_started,2026-08-07 17:25:42.607057,72989.0,google
user_549,application_submitted,2026-08-26 18:25:42.607057,188548.0,referral
user_554,page_view,2026-08-27 09:25:42.607057,96986.0,google
user_994,page_view,2026-08-22 09:25:42.607057,40943.0,google
user_272,page_view,2026-08-17 07:25:42.607057,165859.0,referral
user_212,page_view,2026-08-05 13:25:42.607057,179000.0,referral
user_285,application_submitted,2026-08-05 17:25:42.607057,105725.0,linkedin
user_820,page_view,2026-08-20 10:25:42.607057,93391.0,direct
user_698,application_submitted,2026-08-12 09:25:42.607057,183344.0,linkedin
user_653,page_view,2026-08-13 07:25:42.607057,50430.0,referral
user_62,job_search,2026-08-07 05:25:42.607057,117588.0,direct
user_607,application_started,2026-08-31 22:25:42.607057,191863.0,direct
user_836,page_view,2026-08-09 19:25:42.607057,91362.0,referral
user_836,page_view,2026-08-14 09:25:42.607057,77008.0,google
user_403,job_search,2026-08-08 21:25:42.607057,126592.0,referral
user_499,job_search,2026-08-04 13:25:42.607057,139333.0,google
user_390,job_search,2026-08-12 14:25:42.607057,176078.0,referral
user_686,application_started,2026-08-11 00:25:42.607057,181045.0,direct
user_287,application_submitted,2026-08-20 13:25:42.607057,,referral
user_704,page_view,2026-08-20 10:25:42.607057,121252.0,linkedin
user_514,job_search,2026-08-12 15:25:42.607057,63096.0,linkedin
user_836,application_submitted,2026-08-05 16:25:42.607057,124803.0,referral
user_656,application_started,2026-08-16 17:25:42.607057,126723.0,linkedin
user_319,page_view,2026-08-09 22:25:42.607057,145494.0,linkedin
user_505,page_view,2026-08-15 05:25:42.607057,131088.0,direct
user_280,job_search,2026-08-29 20:25:42.607057,179628.0,google
user_261,application_started,2026-08-08 12:25:42.607057,165182.0,linkedin
user_270,job_search,2026-08-27 13:25:42.607057,82824.0,direct
user_538,job_search,2026-08-08 20:25:42.607057,,referral
user_875,application_started,2026-08-28 07:25:42.607057,42181.0,direct
user_405,job_search,2026-08-26 23:25:42.607057,98805.0,referral
user_657,application_submitted,2026-08-05 13:25:42.607057,53635.0,referral
user_444,page_view,2026-08-20 14:25:42.607057,112428.0,direct
user_178,job_search,2026-08-18 04:25:42.607057,96048.0,linkedin
user_877,application_submitted,2026-08-08 20:25:42.607057,56790.0,referral
user_317,application_started,2026-08-24 15:25:42.607057,56077.0,google
user_978,application_submitted,2026-08-12 00:25:42.607057,173469.0,linkedin
user_222,page_view,2026-08-19 05:25:42.607057,41754.0,referral
user_522,application_submitted,2026-08-06 18:25:42.607057,59594.0,linkedin
user_108,application_submitted,2026-08-25 14:25:42.607057,95885.0,google
user_752,application_started,2026-08-20 04:25:42.607057,139464.0,google
user_532,job_search,2026-08-23 09:25:42.607057,164727.0,google
user_206,application_submitted,2026-08-05 20:25:42.607057,152160.0,direct
user_88,application_started,2026-08-31 00:25:42.607057,153049.0,referral
user_457,job_search,2026-08-01 20:25:42.607057,134137.0,linkedin
user_764,page_view,2026-08-30 01:25:42.607057,141381.0,linkedin
user_471,job_search,2026-08-30 01:25:42.607057,93605.0,google
user_510,page_view,2026-08-06 20:25:42.607057,55085.0,referral
user_550,job_search,2026-08-11 02:25:42.607057,95180.0,linkedin
user_713,application_started,2026-08-13 15:25:42.607057,126937.0,google
user_568,page_view,2026-08-25 11:25:42.607057,,linkedin
user_553,application_started,2026-09-01 10:25:42.607057,163181.0,direct
user_821,application_submitted,2026-08-05 06:25:42.607057,87699.0,google
user_719,application_submitted,2026-08-11 22:25:42.607057,90062.0,google
user_365,page_view,2026-08-15 01:25:42.607057,93121.0,google
user_877,application_submitted,2026-08-23 21:25:42.607057,192845.0,referral
user_456,job_search,2026-08-27 05:25:42.607057,101137.0,linkedin
user_211,application_started,2026-08-25 13:25:42.607057,111814.0,linkedin
user_920,job_search,2026-08-27 22:25:42.607057,,direct
user_835,application_submitted,2026-08-05 09:25:42.607057,75858.0,direct
user_603,application_submitted,2026-08-04 19:25:42.607057,181171.0,direct
user_609,page_view,2026-08-23 16:25:42.607057,,linkedin
user_33,application_started,2026-08-20 14:25:42.607057,59754.0,google
user_650,page_view,2026-08-22 04:25:42.607057,96588.0,referral
user_987,job_search,2026-08-15 17:25:42.607057,56020.0,linkedin
user_602,page_view,2026-08-16 16:25:42.607057,152124.0,direct
user_94,application_submitted,2026-08-17 01:25:42.607057,64439.0,google
user_140,application_submitted,2026-08-17 00:25:42.607057,73387.0,direct
user_444,page_view,2026-08-24 07:25:42.607057,60633.0,direct
user_121,job_search,2026-08-30 17:25:42.607057,84414.0,google
user_527,application_started,2026-08-15 06:25:42.607057,191918.0,referral
user_56,page_view,2026-08-31 08:25:42.607057,65686.0,linkedin
user_342,page_view,2026-09-01 10:25:42.607057,152337.0,referral
user_374,application_started,2026-08-31 16:25:42.607057,,referral
user_223,page_view,2026-08-30 16:25:42.607057,145484.0,direct
user_368,page_view,2026-08-19 19:25:42.607057,148152.0,referral
user_947,job_search,2026-08-11 19:25:42.607057,119649.0,linkedin
user_96,application_started,2026-08-18 03:25:42.607057,95204.0,google
user_958,application_submitted,2026-08-08 23:25:42.607057,50296.0,google
user_125,application_submitted,2026-08-10 10:25:42.607057,92840.0,linkedin
user_838,application_submitted,2026-08-06 20:25:42.607057,74760.0,linkedin
user_374,application_started,2026-08-13 02:25:42.607057,156956.0,linkedin
user_376,page_view,2026-08-21 21:25:42.607057,198662.0,referral
user_234,application_submitted,2026-08-13 18:25:42.607057,67085.0,linkedin
user_11,job_search,2026-08-24 09:25:42.607057,40390.0,referral
user_551,job_search,2026-08-15 06:25:42.607057,,google
user_990,application_started,2026-08-30 20:25:42.607057,188522.0,linkedin
user_688,application_started,2026-08-19 16:25:42.607057,97336.0,referral
user_503,job_search,2026-08-04 06:25:42.607057,141254.0,referral
user_848,job_search,2026-08-25 00:25:42.607057,96164.0,direct
user_262,job_search,2026-08-09 02:25:42.607057,55680.0,referral
user_637,page_view,2026-08-20 15:25:42.607057,75680.0,google
user_575,application_submitted,2026-08-22 00:25:42.607057,,direct
user_720,application_submitted,2026-08-12 17:25:42.607057,43988.0,google
user_161,job_search,2026-08-30 13:25:42.608061,113643.0,google
user_161,page_view,2026-08-15 16:25:42.608061,56416.0,referral
user_978,page_view,2026-08-22 19:25:42.608061,110912.0,referral
user_418,job_search,2026-08-12 10:25:42.608061,197277.0,google
user_109,application_submitted,2026-08-28 19:25:42.608061,98464.0,referral
user_757,application_submitted,2026-08-09 12:25:42.608061,104215.0,referral
user_945,application_started,2026-08-21 06:25:42.608061,111993.0,referral
user_299,application_submitted,2026-08-21 17:25:42.608061,88078.0,google
user_684,application_submitted,2026-08-18 02:25:42.608061,162464.0,direct
user_423,application_submitted,2026-08-20 05:25:42.608061,102047.0,linkedin
user_466,application_submitted,2026-08-26 05:25:42.608061,41095.0,linkedin
user_406,job_search,2026-08-21 11:25:42.608061,56818.0,google
user_719,application_submitted,2026-08-13 06:25:42.608061,146786.0,google
user_403,application_started,2026-08-02 12:25:42.608061,99479.0,referral
user_39,application_started,2026-08-19 06:25:42.608061,83174.0,referral
user_21,page_view,2026-08-22 01:25:42.608061,86396.0,google
user_345,job_search,2026-08-24 05:25:42.608061,168395.0,referral
user_544,application_submitted,2026-08-19 20:25:42.608061,130993.0,referral
user_749,application_submitted,2026-08-24 06:25:42.608061,114847.0,direct
user_834,application_submitted,2026-09-01 06:25:42.608061,92743.0,linkedin
user_49,application_started,2026-08-09 00:25:42.608061,66391.0,google
user_669,application_started,2026-08-15 04:25:42.608061,,referral
user_151,application_submitted,2026-08-22 04:25:42.608061,,direct
user_401,application_submitted,2026-08-22 08:25:42.608061,113244.0,direct
user_640,page_view,2026-08-07 10:25:42.608061,52958.0,google
user_281,application_started,2026-08-17 06:25:42.608061,50467.0,linkedin
user_121,page_view,2026-08-18 10:25:42.608061,,linkedin
user_16,page_view,2026-08-07 22:25:42.608061,41839.0,direct
user_185,application_started,2026-08-11 21:25:42.608061,103182.0,direct
user_817,page_view,2026-08-24 19:25:42.608061,66894.0,direct
user_915,job_search,2026-08-11 15:25:42.608061,46588.0,direct
user_31,job_search,2026-08-27 03:25:42.608061,56071.0,google
user_596,application_started,2026-08-16 13:25:42.608061,174014.0,google
user_771,application_submitted,2026-08-19 21:25:42.608061,184465.0,linkedin
user_9,job_search,2026-08-07 18:25:42.608061,80855.0,direct
user_669,application_started,2026-08-24 17:25:42.608061,154279.0,referral
user_554,job_search,2026-08-26 11:25:42.608061,116126.0,linkedin
user_997,job_search,2026-08-08 01:25:42.608061,102648.0,google
user_783,job_search,2026-08-24 00:25:42.608061,114276.0,google
user_651,application_started,2026-08-05 02:25:42.608061,71715.0,linkedin
user_147,job_search,2026-08-02 11:25:42.608061,184832.0,google
user_492,job_search,2026-08-28 13:25:42.608061,55747.0,linkedin
user_256,application_started,2026-08-31 17:25:42.608061,181215.0,google
user_775,page_view,2026-08-05 22:25:42.608061,108417.0,linkedin
user_397,page_view,2026-08-03 04:25:42.608061,89100.0,referral
user_785,job_search,2026-08-23 15:25:42.608061,58821.0,linkedin
user_549,job_search,2026-08-19 01:25:42.608061,168685.0,google
user_699,application_submitted,2026-08-23 02:25:42.608061,169332.0,direct
user_595,application_started,2026-08-23 18:25:42.608061,73985.0,referral
user_890,page_view,2026-08-08 19:25:42.608061,51730.0,direct
user_971,application_submitted,2026-08-03 05:25:42.608061,145178.0,direct
user_147,application_submitted,2026-08-20 05:25:42.608061,189317.0,referral
user_138,job_search,2026-08-04 05:25:42.608061,158486.0,direct
user_723,job_search,2026-09-01 04:25:42.608061,,direct
user_897,application_submitted,2026-09-01 09:25:42.608061,157402.0,google
user_10,application_started,2026-08-04 21:25:42.608061,49143.0,referral
user_481,job_search,2026-08-31 12:25:42.608061,91070.0,google
user_532,page_view,2026-08-05 20:25:42.608061,135067.0,direct
user_358,job_search,2026-08-30 09:25:42.608061,85538.0,referral
user_992,application_submitted,2026-08-14 21:25:42.608061,127946.0,direct
user_77,job_search,2026-08-25 01:25:42.608061,61909.0,google
user_445,page_view,2026-08-23 10:25:42.608061,84579.0,direct
user_450,application_started,2026-08-29 16:25:42.608061,173083.0,direct
user_950,application_started,2026-08-15 12:25:42.608061,66534.0,direct
user_865,application_started,2026-08-16 20:25:42.608061,184802.0,google
user_816,application_started,2026-08-08 07:25:42.608061,166558.0,direct
user_589,application_started,2026-08-09 12:25:42.608061,99890.0,google
user_125,application_started,2026-08-04 18:25:42.608061,100167.0,linkedin
user_611,job_search,2026-08-17 09:25:42.608061,153517.0,referral
user_548,job_search,2026-08-22 04:25:42.608061,,referral
user_795,application_submitted,2026-08-07 21:25:42.608061,104027.0,direct
user_504,application_started,2026-08-30 21:25:42.608061,88484.0,google
user_590,application_started,2026-08-11 05:25:42.608061,110665.0,google
user_174,application_submitted,2026-08-05 15:25:42.608061,165078.0,referral
user_14,page_view,2026-08-02 13:25:42.608061,154829.0,direct
user_824,job_search,2026-08-02 04:25:42.608061,97090.0,referral
user_226,job_search,2026-08-15 22:25:42.608061,49654.0,direct
user_792,job_search,2026-08-25 04:25:42.608061,81633.0,linkedin
user_788,page_view,2026-08-05 21:25:42.608061,145154.0,direct
user_480,page_view,2026-08-24 08:25:42.608061,77849.0,linkedin
user_367,job_search,2026-08-23 21:25:42.608061,128828.0,google
user_92,application_submitted,2026-08-24 15:25:42.608061,122567.0,google
user_994,application_started,2026-08-26 14:25:42.608061,140511.0,google
user_792,job_search,2026-08-01 16:25:42.608061,59190.0,referral
user_632,application_started,2026-08-21 09:25:42.608061,91367.0,linkedin
user_303,application_started,2026-08-31 11:25:42.608061,93940.0,linkedin
user_901,application_submitted,2026-08-02 13:25:42.608061,170973.0,google
user_391,page_view,2026-08-15 17:25:42.608061,95960.0,direct
user_730,application_submitted,2026-08-01 14:25:42.608061,197597.0,linkedin
user_270,application_submitted,2026-08-04 05:25:42.608061,98260.0,linkedin
user_907,application_started,2026-08-18 03:25:42.608061,198266.0,referral
user_263,page_view,2026-08-15 21:25:42.608061,88215.0,referral
user_771,job_search,2026-08-13 17:25:42.608061,143695.0,direct
user_885,application_started,2026-08-01 21:25:42.608061,106877.0,linkedin
user_569,application_submitted,2026-08-27 19:25:42.608061,120116.0,google
user_102,application_submitted,2026-08-23 22:25:42.608061,84932.0,google
user_896,application_submitted,2026-08-19 19:25:42.608061,189818.0,direct
user_610,page_view,2026-08-24 20:25:42.608061,132762.0,direct
user_543,application_started,2026-08-19 12:25:42.608061,168944.0,direct
user_661,page_view,2026-08-28 11:25:42.608061,147771.0,referral
user_551,job_search,2026-08-26 12:25:42.608061,183806.0,linkedin
user_555,job_search,2026-08-15 01:25:42.608061,174385.0,direct
user_899,application_submitted,2026-08-27 02:25:42.608061,105131.0,referral
user_515,job_search,2026-08-17 04:25:42.608061,68848.0,linkedin
user_592,page_view,2026-08-28 14:25:42.608061,60997.0,referral
user_530,job_search,2026-08-02 06:25:42.608061,,direct
user_884,application_started,2026-08-19 20:25:42.608061,145964.0,google
user_684,job_search,2026-08-05 07:25:42.608061,175797.0,direct
user_18,application_submitted,2026-08-31 00:25:42.608061,113227.0,referral
user_156,page_view,2026-08-02 10:25:42.608061,137205.0,referral
user_517,application_submitted,2026-08-15 19:25:42.608061,162846.0,google
user_652,application_started,2026-08-26 06:25:42.608061,116951.0,linkedin
user_853,job_search,2026-08-12 13:25:42.608061,174896.0,referral
user_836,application_submitted,2026-08-24 21:25:42.608061,41479.0,referral
user_358,page_view,2026-08-17 18:25:42.608061,73984.0,direct
user_600,page_view,2026-08-30 09:25:42.608061,188531.0,linkedin
user_28,application_submitted,2026-08-04 14:25:42.608061,92010.0,direct
user_538,job_search,2026-08-10 06:25:42.608061,60750.0,referral
user_147,job_search,2026-08-13 17:25:42.608061,182427.0,direct
user_273,application_started,2026-08-01 18:25:42.608061,175871.0,direct
user_942,application_submitted,2026-08-30 23:25:42.608061,111173.0,referral
user_530,job_search,2026-08-11 05:25:42.608061,91493.0,google
user_140,application_submitted,2026-08-06 07:25:42.608061,166627.0,linkedin
user_977,job_search,2026-08-10 06:25:42.608061,140483.0,linkedin
user_642,application_submitted,2026-09-01 10:25:42.608061,164975.0,direct
user_660,job_search,2026-08-14 12:25:42.608061,195979.0,linkedin
user_861,page_view,2026-08-10 13:25:42.608061,159450.0,referral
user_796,job_search,2026-08-17 17:25:42.608061,40127.0,linkedin
user_508,application_started,2026-08-28 03:25:42.608061,131548.0,google
user_548,application_submitted,2026-08-12 15:25:42.608061,179348.0,google
user_30,page_view,2026-08-06 15:25:42.608061,181922.0,linkedin
user_777,application_submitted,2026-08-20 08:25:42.608061,105756.0,referral
user_147,application_started,2026-08-29 11:25:42.608061,127458.0,google
user_4,application_started,2026-08-04 23:25:42.608061,137706.0,google
user_836,application_started,2026-08-17 13:25:42.608061,130583.0,direct
user_296,application_started,2026-08-01 22:25:42.608061,112233.0,google
user_722,page_view,2026-08-30 00:25:42.608061,196714.0,google
user_682,job_search,2026-08-10 08:25:42.608061,130869.0,google
user_413,application_submitted,2026-08-14 04:25:42.608061,149527.0,referral
user_37,page_view,2026-08-16 21:25:42.608061,63625.0,referral
user_951,page_view,2026-08-05 13:25:42.608061,55780.0,linkedin
user_104,page_view,2026-08-17 15:25:42.608061,66070.0,linkedin
user_149,job_search,2026-08-16 03:25:42.608061,140704.0,referral
user_365,application_submitted,2026-08-27 21:25:42.608061,141761.0,google
user_903,application_started,2026-08-11 05:25:42.608061,40236.0,referral
user_938,application_submitted,2026-08-26 06:25:42.608061,43911.0,referral
user_102,page_view,2026-08-04 14:25:42.608061,147776.0,linkedin
user_148,page_view,2026-08-16 13:25:42.608061,82611.0,direct
user_851,application_started,2026-08-15 10:25:42.608061,192406.0,direct
user_236,application_submitted,2026-08-22 01:25:42.608061,118652.0,google
user_144,job_search,2026-08-06 22:25:42.608061,185907.0,referral
user_571,application_submitted,2026-08-16 02:25:42.608061,148435.0,direct
user_40,page_view,2026-08-31 00:25:42.608061,199712.0,google
user_365,job_search,2026-08-01 17:25:42.608061,61105.0,google
user_938,page_view,2026-08-25 07:25:42.608061,156692.0,referral
user_430,application_submitted,2026-08-22 17:25:42.608061,113951.0,linkedin
user_286,application_submitted,2026-08-25 12:25:42.608061,54377.0,referral
user_913,application_submitted,2026-08-03 14:25:42.608061,87821.0,google
user_294,job_search,2026-08-27 15:25:42.608061,101154.0,linkedin
user_531,application_submitted,2026-08-25 11:25:42.608061,139934.0,google
user_887,job_search,2026-08-25 11:25:42.608061,91963.0,google
user_215,application_submitted,2026-08-04 11:25:42.608061,72413.0,referral
user_807,application_submitted,2026-08-10 04:25:42.608061,67957.0,direct
user_976,application_submitted,2026-08-27 11:25:42.608061,,google
user_139,application_submitted,2026-08-24 05:25:42.608061,151891.0,linkedin
user_389,application_submitted,2026-08-30 03:25:42.608061,188521.0,linkedin
user_49,application_started,2026-08-31 23:25:42.608061,129087.0,referral
user_583,application_started,2026-08-15 21:25:42.608061,71136.0,google
user_956,application_started,2026-08-31 11:25:42.608061,179430.0,google
user_316,application_started,2026-08-19 18:25:42.608061,74443.0,google
user_227,job_search,2026-08-08 16:25:42.608061,124601.0,google
user_789,page_view,2026-08-02 02:25:42.608061,109320.0,google
user_228,page_view,2026-08-06 09:25:42.608061,64878.0,direct
user_103,job_search,2026-08-08 02:25:42.608061,145027.0,direct
user_373,job_search,2026-08-02 20:25:42.608061,196599.0,direct
user_399,page_view,2026-08-21 13:25:42.608061,,referral
user_633,application_submitted,2026-08-11 07:25:42.608061,181550.0,linkedin
user_638,page_view,2026-08-18 06:25:42.608061,47728.0,referral
user_71,application_submitted,2026-08-05 20:25:42.608061,145074.0,referral
user_673,job_search,2026-08-30 19:25:42.608061,71581.0,referral
user_20,application_submitted,2026-08-05 16:25:42.608061,194636.0,direct
user_559,job_search,2026-08-25 04:25:42.608061,179925.0,linkedin
user_916,application_submitted,2026-08-26 21:25:42.608061,77164.0,google
user_152,job_search,2026-08-22 18:25:42.608061,52327.0,direct
user_942,application_started,2026-08-07 08:25:42.608061,188465.0,google
user_636,job_search,2026-08-17 08:25:42.608061,90505.0,google
user_313,page_view,2026-08-15 11:25:42.608061,119087.0,linkedin
user_886,application_started,2026-08-14 20:25:42.608061,68300.0,linkedin
user_395,application_started,2026-08-03 07:25:42.608061,63510.0,direct
user_500,job_search,2026-08-04 00:25:42.608061,158183.0,direct
user_835,job_search,2026-08-26 14:25:42.608061,166749.0,referral
user_204,application_started,2026-08-08 00:25:42.608061,72316.0,linkedin
user_277,application_submitted,2026-08-03 09:25:42.608061,81982.0,direct
user_527,page_view,2026-08-02 01:25:42.608061,149892.0,direct
user_615,job_search,2026-08-11 03:25:42.608061,151423.0,direct
user_760,application_submitted,2026-08-21 06:25:42.608061,70644.0,google
user_292,page_view,2026-08-09 06:25:42.608061,184711.0,direct
user_569,application_submitted,2026-08-04 13:25:42.608061,189685.0,referral
user_648,application_submitted,2026-08-23 14:25:42.608061,121858.0,linkedin
user_478,page_view,2026-08-22 12:25:42.608061,176470.0,direct
user_611,page_view,2026-08-09 07:25:42.608061,,direct
user_101,application_submitted,2026-08-30 02:25:42.608061,46396.0,direct
user_443,page_view,2026-08-10 14:25:42.608061,132832.0,linkedin
user_251,page_view,2026-08-13 23:25:42.608061,75328.0,google
user_509,job_search,2026-08-20 21:25:42.608061,146258.0,referral
user_241,application_submitted,2026-08-31 21:25:42.608061,111293.0,direct
user_322,page_view,2026-08-19 19:25:42.608061,109491.0,google
user_310,application_submitted,2026-08-03 13:25:42.608061,103216.0,linkedin
user_657,job_search,2026-08-31 18:25:42.608061,119611.0,referral
user_28,page_view,2026-08-05 15:25:42.608061,192110.0,linkedin
user_96,job_search,2026-08-10 12:25:42.608061,111392.0,linkedin
user_114,application_submitted,2026-08-10 19:25:42.608061,49636.0,direct
user_368,page_view,2026-08-02 02:25:42.608061,193925.0,google
user_686,page_view,2026-08-12 09:25:42.608061,42434.0,referral
user_322,application_started,2026-08-02 17:25:42.608061,78888.0,referral
user_585,job_search,2026-08-23 03:25:42.608061,89707.0,linkedin
user_637,application_started,2026-08-24 08:25:42.608061,59246.0,referral
user_949,job_search,2026-08-13 09:25:42.608061,175714.0,linkedin
user_937,page_view,2026-08-20 13:25:42.608061,147257.0,direct
user_314,page_view,2026-08-17 12:25:42.608061,69157.0,direct
user_139,job_search,2026-08-22 17:25:42.608061,,linkedin
user_749,page_view,2026-08-24 05:25:42.608061,158279.0,linkedin
user_848,application_submitted,2026-08-10 09:25:42.608061,120201.0,direct
user_803,page_view,2026-08-10 18:25:42.608061,,direct
user_828,page_view,2026-08-17 10:25:42.608061,57840.0,google
user_483,job_search,2026-08-06 14:25:42.608061,159998.0,direct
user_219,job_search,2026-08-03 17:25:42.608061,193107.0,linkedin
user_897,job_search,2026-08-01 19:25:42.608061,71608.0,direct
user_836,job_search,2026-08-02 15:25:42.608061,179681.0,linkedin
user_808,page_view,2026-08-20 11:25:42.608061,193121.0,referral
user_951,application_started,2026-08-12 18:25:42.608061,,direct
user_109,job_search,2026-08-03 21:25:42.608061,194073.0,google
user_589,application_submitted,2026-08-15 02:25:42.608061,151519.0,direct
user_579,application_started,2026-08-24 03:25:42.608061,176341.0,direct
user_984,application_submitted,2026-08-27 16:25:42.608061,49310.0,google
user_460,application_submitted,2026-08-13 02:25:42.608061,175327.0,linkedin
user_786,job_search,2026-08-17 18:25:42.608061,107621.0,referral
user_44,application_submitted,2026-08-14 10:25:42.608061,77555.0,referral
user_760,job_search,2026-08-19 15:25:42.608061,195950.0,google
user_396,page_view,2026-08-15 01:25:42.608061,164068.0,direct
user_956,page_view,2026-08-17 07:25:42.608061,176698.0,linkedin
user_972,application_submitted,2026-08-29 22:25:42.608061,163758.0,direct
user_499,job_search,2026-08-28 17:25:42.608061,189236.0,referral
user_543,application_submitted,2026-08-18 10:25:42.608061,98947.0,direct
user_132,application_started,2026-08-28 22:25:42.608061,46266.0,direct
user_728,job_search,2026-08-07 14:25:42.608061,,referral
user_710,application_submitted,2026-08-03 04:25:42.608061,123446.0,referral
user_22,page_view,2026-08-25 01:25:42.608061,109929.0,google
user_204,application_started,2026-08-12 23:25:42.608061,61922.0,direct
user_500,page_view,2026-09-01 05:25:42.608061,151175.0,google
user_701,job_search,2026-08-05 17:25:42.608061,47456.0,referral
user_412,application_submitted,2026-08-20 13:25:42.608061,182585.0,referral
user_664,application_started,2026-08-19 12:25:42.608061,117515.0,linkedin
user_646,job_search,2026-08-24 02:25:42.608061,184416.0,linkedin
user_998,application_started,2026-08-15 10:25:42.608061,156091.0,google
user_666,job_search,2026-08-07 02:25:42.608061,147429.0,linkedin
user_771,page_view,2026-08-12 07:25:42.608061,103938.0,direct
user_466,application_submitted,2026-08-05 10:25:42.608061,51412.0,linkedin
user_404,application_submitted,2026-08-23 04:25:42.608061,,referral
user_629,application_submitted,2026-08-21 13:25:42.608061,68693.0,google
user_347,application_submitted,2026-08-05 13:25:42.608061,172141.0,referral
user_242,job_search,2026-08-21 14:25:42.608061,70636.0,direct
user_104,page_view,2026-08-12 10:25:42.608061,138195.0,referral
user_106,job_search,2026-08-09 23:25:42.608061,137487.0,direct
user_587,job_search,2026-08-29 00:25:42.608061,171603.0,google
user_124,application_submitted,2026-08-09 01:25:42.608061,160802.0,direct
user_18,application_submitted,2026-08-08 23:25:42.608061,147052.0,google
user_941,page_view,2026-08-07 07:25:42.608061,82791.0,direct
user_526,application_submitted,2026-08-04 18:25:42.608061,114975.0,direct
user_726,job_search,2026-08-07 09:25:42.608061,134454.0,direct
user_330,application_started,2026-08-18 18:25:42.608061,,direct
user_983,application_started,2026-08-21 03:25:42.608061,59567.0,direct
user_371,application_started,2026-08-12 11:25:42.608061,69572.0,google
user_230,job_search,2026-08-21 06:25:42.608061,197643.0,referral
user_904,job_search,2026-08-18 04:25:42.608061,197558.0,direct
user_913,page_view,2026-08-31 10:25:42.608061,98105.0,linkedin
user_703,page_view,2026-08-19 05:25:42.608061,,google
user_774,application_submitted,2026-08-30 11:25:42.608061,145824.0,google
user_888,job_search,2026-08-17 08:25:42.608061,125792.0,google
user_706,application_submitted,2026-08-08 09:25:42.608061,143656.0,google
user_260,application_submitted,2026-08-10 18:25:42.608061,,direct
user_826,application_submitted,2026-08-26 13:25:42.608061,68600.0,google
user_127,job_search,2026-08-27 02:25:42.608061,104918.0,google
user_10,page_view,2026-08-22 19:25:42.608061,101498.0,direct
user_224,page_view,2026-08-28 11:25:42.608061,87498.0,linkedin
user_731,job_search,2026-08-14 21:25:42.608061,53611.0,linkedin
user_587,application_submitted,2026-08-12 02:25:42.608061,180103.0,referral
user_667,application_submitted,2026-08-11 03:25:42.608061,88891.0,direct
user_622,page_view,2026-08-10 14:25:42.608061,59954.0,google
user_161,application_submitted,2026-08-20 01:25:42.608061,109156.0,linkedin
user_15,application_started,2026-08-08 19:25:42.608061,170141.0,direct
user_862,application_started,2026-08-29 03:25:42.608061,151092.0,referral
user_353,job_search,2026-08-28 13:25:42.608061,134492.0,referral
user_873,application_started,2026-08-25 01:25:42.608061,62848.0,direct
user_502,application_started,2026-08-10 22:25:42.608061,189645.0,linkedin
user_746,application_submitted,2026-08-08 21:25:42.608061,162005.0,google
user_396,application_submitted,2026-08-06 12:25:42.608061,111385.0,direct
user_59,application_submitted,2026-08-31 01:25:42.608061,144684.0,direct
user_202,page_view,2026-08-03 04:25:42.608061,,referral
user_514,job_search,2026-08-24 05:25:42.608061,124558.0,google
user_169,job_search,2026-08-16 00:25:42.608061,103377.0,referral
user_928,application_submitted,2026-08-14 07:25:42.608061,133237.0,direct
user_176,application_submitted,2026-08-16 20:25:42.608061,82305.0,google
user_768,page_view,2026-08-12 17:25:42.608061,142991.0,referral
user_294,job_search,2026-08-30 07:25:42.608061,,google
user_769,application_started,2026-08-21 06:25:42.608061,75282.0,direct
user_548,application_started,2026-08-10 08:25:42.608061,49075.0,referral
user_874,page_view,2026-08-18 22:25:42.608061,99779.0,direct
user_671,page_view,2026-08-10 10:25:42.609053,85435.0,direct
user_546,job_search,2026-08-08 18:25:42.609053,199792.0,linkedin
user_290,application_submitted,2026-08-16 07:25:42.609053,49022.0,google
user_185,page_view,2026-08-22 19:25:42.609053,76848.0,google
user_930,job_search,2026-08-27 20:25:42.609053,195153.0,referral
user_209,job_search,2026-08-04 02:25:42.609053,186263.0,direct
user_467,job_search,2026-08-29 00:25:42.609053,119158.0,linkedin
user_177,page_view,2026-08-16 08:25:42.609053,81606.0,google
user_856,application_started,2026-08-02 23:25:42.609053,185674.0,direct
user_726,application_submitted,2026-08-31 01:25:42.609053,49092.0,direct
user_9,job_search,2026-08-18 03:25:42.609053,168817.0,linkedin
user_252,application_started,2026-08-27 14:25:42.609053,126954.0,google
user_695,page_view,2026-08-21 09:25:42.609053,91083.0,referral
user_869,application_started,2026-08-14 20:25:42.609053,118031.0,linkedin
user_808,job_search,2026-08-21 12:25:42.609053,98124.0,direct
user_709,page_view,2026-08-16 22:25:42.609053,68341.0,google
user_95,application_submitted,2026-08-13 13:25:42.609053,56969.0,linkedin
user_701,application_submitted,2026-08-03 16:25:42.609053,,referral
user_748,application_started,2026-08-03 12:25:42.609053,130299.0,google
user_34,application_started,2026-08-09 15:25:42.609053,173599.0,referral
user_212,job_search,2026-08-18 11:25:42.609053,118795.0,google
user_623,page_view,2026-08-14 17:25:42.609053,,linkedin
user_640,application_submitted,2026-08-10 01:25:42.609053,174530.0,google
user_527,application_submitted,2026-08-10 19:25:42.609053,115864.0,direct
user_561,application_started,2026-08-04 14:25:42.609053,176900.0,linkedin
user_529,application_submitted,2026-08-29 18:25:42.609053,55309.0,linkedin
user_823,application_submitted,2026-08-15 06:25:42.609053,199963.0,direct
user_898,application_submitted,2026-08-16 21:25:42.609053,150606.0,direct
user_457,job_search,2026-08-16 04:25:42.609053,120579.0,google
user_292,application_started,2026-08-18 09:25:42.609053,78111.0,direct
user_946,job_search,2026-08-31 01:25:42.609053,161073.0,google
user_699,application_submitted,2026-08-29 16:25:42.609053,197316.0,linkedin
user_662,application_submitted,2026-08-28 15:25:42.609053,132264.0,linkedin
user_298,application_started,2026-08-15 21:25:42.609053,106471.0,referral
user_371,page_view,2026-08-09 13:25:42.609053,131660.0,referral
user_716,page_view,2026-08-08 01:25:42.609053,84741.0,referral
user_630,job_search,2026-08-22 10:25:42.609053,75113.0,linkedin
user_908,page_view,2026-08-03 05:25:42.609053,78802.0,linkedin
user_691,job_search,2026-08-16 19:25:42.609053,170101.0,referral
user_383,application_submitted,2026-08-12 19:25:42.609053,121894.0,direct
user_872,application_started,2026-08-22 15:25:42.609053,108017.0,google
user_970,application_submitted,2026-08-24 06:25:42.609053,110887.0,google
user_380,application_submitted,2026-08-10 09:25:42.609053,152620.0,referral
user_121,application_submitted,2026-08-08 17:25:42.609053,142442.0,linkedin
user_221,application_submitted,2026-08-13 02:25:42.609053,54702.0,referral
user_440,page_view,2026-08-20 01:25:42.609053,177021.0,google
user_871,page_view,2026-08-04 21:25:42.609053,104558.0,referral
user_736,job_search,2026-08-13 04:25:42.609053,151488.0,referral
user_45,application_submitted,2026-08-22 17:25:42.609053,178232.0,direct
user_209,application_submitted,2026-08-02 23:25:42.609053,81641.0,google
user_353,application_started,2026-08-07 17:25:42.609053,181091.0,linkedin
user_119,job_search,2026-08-17 07:25:42.609053,173076.0,referral
user_405,page_view,2026-08-24 11:25:42.609053,,direct
user_506,application_submitted,2026-08-19 11:25:42.609053,197629.0,google
user_516,page_view,2026-08-19 20:25:42.609053,69967.0,direct
user_224,application_started,2026-08-17 07:25:42.609053,151840.0,google
user_789,application_submitted,2026-08-24 22:25:42.609053,72699.0,referral
user_568,application_started,2026-08-05 22:25:42.609053,123560.0,referral
user_59,page_view,2026-08-04 17:25:42.609053,199017.0,linkedin
user_442,application_started,2026-08-08 08:25:42.609053,196035.0,linkedin
user_550,page_view,2026-08-13 19:25:42.609053,108617.0,referral
user_825,job_search,2026-08-12 02:25:42.609053,87574.0,google
user_750,page_view,2026-08-11 20:25:42.609053,183736.0,linkedin
user_6,application_started,2026-08-18 07:25:42.609053,199308.0,linkedin
user_68,application_submitted,2026-08-17 15:25:42.609053,42137.0,direct
user_547,job_search,2026-08-08 19:25:42.609053,115018.0,google
user_341,application_started,2026-08-15 19:25:42.609053,,referral
user_247,job_search,2026-08-12 12:25:42.609053,,linkedin
user_262,application_started,2026-08-23 02:25:42.609053,163037.0,google
user_148,page_view,2026-08-14 12:25:42.609053,83118.0,referral
user_127,application_submitted,2026-08-20 12:25:42.609053,122074.0,linkedin
user_945,page_view,2026-08-21 23:25:42.609053,74940.0,referral
user_839,application_started,2026-08-21 12:25:42.609053,110660.0,direct
user_376,page_view,2026-08-26 01:25:42.609053,70902.0,google
user_281,application_submitted,2026-08-04 17:25:42.609053,167341.0,referral
user_640,application_started,2026-08-31 16:25:42.609053,166906.0,referral
user_961,application_submitted,2026-08-22 15:25:42.609053,92125.0,referral
user_595,application_started,2026-08-23 12:25:42.609053,50681.0,google
user_669,application_started,2026-08-03 00:25:42.609053,55607.0,referral
user_642,page_view,2026-08-26 14:25:42.609053,75621.0,direct
user_633,page_view,2026-08-05 23:25:42.609053,182102.0,linkedin
user_930,application_submitted,2026-08-18 20:25:42.609053,158218.0,google
user_970,application_started,2026-08-30 11:25:42.609053,161595.0,direct
user_485,job_search,2026-08-10 13:25:42.609053,140711.0,google
user_174,job_search,2026-08-20 19:25:42.609053,,referral
user_919,job_search,2026-08-21 11:25:42.609053,100923.0,referral
user_683,job_search,2026-08-01 14:25:42.609053,61550.0,direct
user_966,application_started,2026-08-27 19:25:42.609053,170405.0,referral
user_871,application_submitted,2026-08-10 06:25:42.609053,52385.0,referral
user_49,application_started,2026-08-23 04:25:42.609053,,direct
user_810,application_started,2026-08-28 07:25:42.609053,136558.0,direct
user_835,page_view,2026-08-12 11:25:42.609053,192686.0,direct
user_933,job_search,2026-08-13 17:25:42.609053,184685.0,direct
user_898,page_view,2026-08-22 19:25:42.609053,158518.0,linkedin
user_812,page_view,2026-08-29 19:25:42.609053,45410.0,direct
user_28,application_started,2026-08-16 16:25:42.609053,112358.0,referral
user_802,page_view,2026-08-30 22:25:42.609053,80343.0,linkedin
user_373,application_submitted,2026-08-21 17:25:42.609053,139855.0,referral
user_563,job_search,2026-08-16 00:25:42.609053,135034.0,direct
user_690,job_search,2026-08-05 11:25:42.609053,99346.0,referral
user_150,page_view,2026-08-02 18:25:42.609053,173673.0,direct
user_42,application_started,2026-08-12 23:25:42.609053,108229.0,google
user_947,application_started,2026-08-15 01:25:42.609053,190645.0,google
user_379,application_started,2026-08-22 15:25:42.609053,49664.0,direct
user_816,application_started,2026-08-17 12:25:42.609053,121054.0,google
user_161,job_search,2026-08-13 18:25:42.609053,53477.0,linkedin
user_230,page_view,2026-08-08 04:25:42.609053,119133.0,linkedin
user_583,application_started,2026-09-01 12:25:42.609053,194363.0,referral
user_943,application_started,2026-08-02 20:25:42.609053,70710.0,linkedin
user_189,page_view,2026-08-07 20:25:42.609053,120999.0,direct
user_686,application_submitted,2026-08-23 03:25:42.609053,122025.0,linkedin
user_863,application_started,2026-08-09 00:25:42.609053,198659.0,linkedin
user_301,job_search,2026-08-03 16:25:42.609053,163076.0,google
user_755,application_submitted,2026-08-07 18:25:42.609053,129808.0,referral
user_729,application_submitted,2026-08-27 07:25:42.609053,163913.0,direct
user_737,job_search,2026-08-31 08:25:42.609053,87985.0,google
user_502,application_started,2026-08-17 08:25:42.609053,,direct
user_647,application_submitted,2026-08-25 12:25:42.609053,163895.0,direct
user_249,application_started,2026-08-10 11:25:42.609053,49378.0,linkedin
user_593,job_search,2026-08-26 00:25:42.609053,164580.0,google
user_491,job_search,2026-08-05 10:25:42.609053,109641.0,direct
user_273,page_view,2026-08-02 09:25:42.609053,188300.0,google
user_67,application_started,2026-08-24 17:25:42.609053,96757.0,google
user_972,page_view,2026-09-01 11:25:42.609053,128662.0,linkedin
user_6,application_submitted,2026-08-23 19:25:42.609053,121974.0,linkedin
user_795,application_submitted,2026-08-27 14:25:42.609053,,referral
user_658,application_started,2026-08-06 11:25:42.609053,152728.0,linkedin
user_231,application_started,2026-08-11 07:25:42.609053,196422.0,direct
user_848,application_started,2026-08-04 01:25:42.609053,59674.0,direct
user_784,job_search,2026-08-04 23:25:42.609053,109951.0,direct
user_537,application_started,2026-08-30 23:25:42.609053,,google
user_302,application_started,2026-08-09 02:25:42.609053,80773.0,google
user_19,application_submitted,2026-08-15 13:25:42.609053,89937.0,referral
user_711,application_started,2026-08-03 22:25:42.609053,121106.0,referral
user_592,application_started,2026-08-11 01:25:42.609053,142444.0,referral
user_691,application_submitted,2026-08-04 11:25:42.609053,129722.0,direct
user_891,application_submitted,2026-08-16 21:25:42.609053,94511.0,referral
user_31,application_submitted,2026-08-10 21:25:42.609053,185837.0,linkedin
user_811,page_view,2026-08-15 14:25:42.609053,141575.0,linkedin
user_740,page_view,2026-08-19 20:25:42.609053,159875.0,linkedin
user_697,job_search,2026-08-31 13:25:42.609053,164290.0,linkedin
user_578,job_search,2026-08-04 05:25:42.609053,90812.0,google
user_977,page_view,2026-08-26 06:25:42.609053,89152.0,linkedin
user_987,job_search,2026-08-03 03:25:42.609053,121288.0,direct
user_10,application_started,2026-09-01 09:25:42.609053,172592.0,referral
user_514,job_search,2026-08-19 16:25:42.609053,74444.0,linkedin
user_824,job_search,2026-08-28 03:25:42.609053,63627.0,google
user_896,application_submitted,2026-08-07 06:25:42.609053,127286.0,referral
user_347,application_started,2026-08-10 07:25:42.609053,52291.0,referral
user_159,application_submitted,2026-08-12 23:25:42.609053,62203.0,linkedin
user_546,application_submitted,2026-09-01 09:25:42.609053,,direct
user_205,page_view,2026-08-04 12:25:42.609053,41278.0,referral
user_300,application_submitted,2026-08-27 00:25:42.609053,193629.0,google
user_845,page_view,2026-08-28 00:25:42.609053,166876.0,google
user_343,application_submitted,2026-08-03 04:25:42.609053,159647.0,linkedin
user_228,job_search,2026-08-25 04:25:42.609053,193808.0,direct
user_842,page_view,2026-08-30 20:25:42.609053,106714.0,google
user_576,job_search,2026-08-16 12:25:42.609053,119243.0,linkedin
user_809,job_search,2026-08-13 05:25:42.609053,175759.0,linkedin
user_104,job_search,2026-08-18 15:25:42.609053,112377.0,referral
user_319,job_search,2026-08-22 08:25:42.609053,187828.0,google
user_890,job_search,2026-08-06 23:25:42.609053,41453.0,google
user_748,page_view,2026-08-26 18:25:42.609053,60602.0,referral
user_227,application_started,2026-08-10 19:25:42.609053,144630.0,referral
user_53,job_search,2026-08-10 20:25:42.609053,,referral
user_824,page_view,2026-08-28 13:25:42.609053,175964.0,direct
user_768,page_view,2026-08-31 13:25:42.609053,155219.0,linkedin
user_820,job_search,2026-08-25 17:25:42.609053,66121.0,google
user_447,job_search,2026-08-22 08:25:42.609053,148827.0,direct
user_935,application_started,2026-08-18 09:25:42.609053,118784.0,direct
user_659,page_view,2026-08-20 03:25:42.609053,142233.0,referral
user_89,page_view,2026-08-02 15:25:42.609053,47628.0,direct
user_438,application_submitted,2026-08-13 12:25:42.609053,106934.0,direct
user_740,application_submitted,2026-08-06 08:25:42.609053,68252.0,referral
user_795,job_search,2026-08-04 12:25:42.609053,183932.0,referral
user_153,application_submitted,2026-08-12 15:25:42.609053,61849.0,referral
user_432,job_search,2026-08-29 02:25:42.609053,73958.0,direct
user_307,page_view,2026-08-18 00:25:42.609053,102853.0,google
user_169,application_started,2026-08-11 08:25:42.609053,135492.0,linkedin
user_743,application_started,2026-08-10 22:25:42.609053,88552.0,linkedin
user_962,application_started,2026-08-08 04:25:42.609053,128895.0,google
user_9,job_search,2026-08-28 02:25:42.609053,,referral
user_617,page_view,2026-08-24 00:25:42.609053,164852.0,direct
user_918,job_search,2026-08-15 19:25:42.609053,193011.0,referral
user_713,job_search,2026-08-17 10:25:42.609053,152278.0,google
user_670,page_view,2026-08-12 15:25:42.609053,128911.0,linkedin
user_832,application_submitted,2026-08-04 11:25:42.609053,67189.0,linkedin
user_268,application_started,2026-08-12 12:25:42.609053,136078.0,google
user_582,application_submitted,2026-08-28 05:25:42.609053,125080.0,direct
user_461,application_started,2026-08-04 13:25:42.609053,153551.0,direct
user_270,application_submitted,2026-08-23 04:25:42.609053,146703.0,direct
user_289,job_search,2026-08-10 11:25:42.609053,54723.0,referral
user_857,application_started,2026-08-06 01:25:42.609053,198426.0,direct
user_577,application_started,2026-08-26 05:25:42.609053,51945.0,google
user_454,job_search,2026-08-12 06:25:42.609053,88027.0,referral
user_448,application_started,2026-08-09 18:25:42.609053,52335.0,direct
user_352,application_started,2026-08-27 08:25:42.609053,114789.0,google
user_455,page_view,2026-08-09 11:25:42.609053,138015.0,direct
user_965,job_search,2026-08-17 17:25:42.609053,83248.0,google
user_173,application_submitted,2026-08-25 12:25:42.609053,88419.0,linkedin
user_589,application_submitted,2026-08-25 11:25:42.609053,89553.0,linkedin
user_440,application_submitted,2026-08-17 21:25:42.609053,195370.0,referral
user_86,application_started,2026-09-01 03:25:42.609053,48674.0,google
user_833,application_submitted,2026-08-31 22:25:42.609053,,linkedin
user_876,application_started,2026-08-27 00:25:42.609053,,linkedin
user_161,application_started,2026-08-19 05:25:42.609053,173911.0,referral
user_287,job_search,2026-08-07 13:25:42.609053,191478.0,referral
user_399,application_submitted,2026-08-04 09:25:42.609053,65454.0,referral
user_563,job_search,2026-08-25 15:25:42.609053,142520.0,linkedin
user_205,application_started,2026-08-13 13:25:42.609053,157666.0,direct
user_121,application_started,2026-08-11 07:25:42.609053,159885.0,google
user_215,application_started,2026-08-06 11:25:42.609053,130970.0,google
user_290,job_search,2026-08-10 09:25:42.609053,143087.0,referral
user_894,job_search,2026-08-04 10:25:42.609053,114587.0,direct
user_992,page_view,2026-08-03 17:25:42.609053,132323.0,direct
user_568,application_started,2026-08-19 21:25:42.609053,110524.0,linkedin
user_310,page_view,2026-08-18 20:25:42.609053,164241.0,google
user_538,application_submitted,2026-08-13 02:25:42.609053,141466.0,referral
user_27,application_submitted,2026-08-22 10:25:42.609053,89732.0,linkedin
user_248,application_started,2026-08-11 10:25:42.609053,93550.0,referral
user_732,job_search,2026-08-22 23:25:42.609053,111063.0,linkedin
user_195,page_view,2026-08-19 10:25:42.609053,145923.0,direct
user_864,job_search,2026-08-27 17:25:42.609053,64773.0,linkedin
user_39,application_submitted,2026-08-25 22:25:42.609053,84993.0,direct
user_464,page_view,2026-08-21 10:25:42.609053,105608.0,google
user_859,application_started,2026-08-17 17:25:42.609053,72627.0,google
user_269,application_started,2026-08-20 20:25:42.609053,131464.0,google
user_926,application_started,2026-08-26 09:25:42.609053,169590.0,google
user_356,application_submitted,2026-08-18 13:25:42.609053,180311.0,direct
user_933,application_submitted,2026-08-31 05:25:42.609053,173359.0,linkedin
user_210,application_started,2026-08-24 16:25:42.609053,136074.0,google
user_111,job_search,2026-08-15 10:25:42.609053,,google
user_182,application_submitted,2026-08-06 12:25:42.609053,52142.0,direct
user_155,job_search,2026-08-08 12:25:42.609053,156414.0,referral
user_658,application_started,2026-08-09 15:25:42.609053,138344.0,referral
user_363,application_started,2026-08-17 16:25:42.609053,46818.0,referral
user_122,application_submitted,2026-08-31 01:25:42.609053,191985.0,referral
user_370,page_view,2026-08-22 22:25:42.609053,104160.0,referral
user_720,application_submitted,2026-08-26 04:25:42.609053,69290.0,google
user_900,application_started,2026-08-25 19:25:42.609053,,referral
user_758,job_search,2026-08-05 19:25:42.609053,,google
user_615,application_started,2026-08-25 16:25:42.609053,190461.0,referral
user_201,job_search,2026-08-20 13:25:42.609053,,direct
user_312,job_search,2026-08-06 17:25:42.609053,192870.0,direct
user_559,job_search,2026-08-21 17:25:42.609053,106760.0,linkedin
user_170,page_view,2026-08-05 07:25:42.609053,102961.0,referral
user_729,job_search,2026-08-14 18:25:42.609053,104181.0,referral
user_734,job_search,2026-08-31 23:25:42.609053,169805.0,google
user_537,job_search,2026-08-21 09:25:42.609053,62928.0,google
user_113,application_submitted,2026-08-27 02:25:42.609053,,direct
user_989,page_view,2026-08-07 22:25:42.609053,124822.0,referral
user_502,application_started,2026-08-28 15:25:42.609053,153937.0,referral
user_490,page_view,2026-08-01 23:25:42.609053,177460.0,linkedin
user_364,job_search,2026-08-27 09:25:42.609053,68565.0,google
user_384,page_view,2026-08-22 20:25:42.609053,112217.0,google
user_635,application_started,2026-08-05 08:25:42.609053,,linkedin
user_936,application_started,2026-08-08 01:25:42.609053,,direct
user_96,job_search,2026-08-21 01:25:42.609053,,linkedin
user_208,application_started,2026-08-08 05:25:42.609053,112514.0,linkedin
user_514,application_started,2026-08-31 09:25:42.609053,,referral
user_193,application_submitted,2026-08-29 17:25:42.609053,40814.0,linkedin
user_452,page_view,2026-08-03 18:25:42.609053,,google
user_127,application_started,2026-08-23 06:25:42.609053,156791.0,google
user_231,application_started,2026-09-01 07:25:42.609053,63734.0,linkedin
user_569,job_search,2026-08-08 19:25:42.609053,175748.0,linkedin
user_966,job_search,2026-08-22 20:25:42.609053,195232.0,google
user_811,job_search,2026-08-21 19:25:42.609053,125267.0,linkedin
user_251,job_search,2026-08-02 10:25:42.609053,193412.0,google
user_650,job_search,2026-08-28 10:25:42.609053,128353.0,referral
user_990,page_view,2026-08-11 03:25:42.609053,122527.0,linkedin
user_967,job_search,2026-08-12 19:25:42.609053,79904.0,direct
user_670,job_search,2026-08-11 10:25:42.609053,178706.0,linkedin
user_264,page_view,2026-08-31 12:25:42.609053,51647.0,referral
user_966,application_started,2026-08-10 12:25:42.609053,193185.0,direct
user_598,job_search,2026-08-12 01:25:42.609053,55286.0,google
user_716,job_search,2026-08-04 09:25:42.609053,78186.0,linkedin
user_263,job_search,2026-08-23 23:25:42.609053,,linkedin
user_157,page_view,2026-08-16 19:25:42.609053,178300.0,google
user_160,application_submitted,2026-08-15 02:25:42.609053,138133.0,linkedin
user_172,application_started,2026-08-24 19:25:42.609053,188620.0,google
user_786,application_submitted,2026-08-30 17:25:42.609053,113307.0,linkedin
user_861,job_search,2026-08-25 10:25:42.609053,57162.0,google
user_285,job_search,2026-08-11 20:25:42.609053,72374.0,direct
user_813,application_started,2026-08-03 05:25:42.609053,164386.0,google
user_974,application_submitted,2026-08-15 19:25:42.609053,136374.0,direct
user_646,page_view,2026-08-27 01:25:42.609053,84553.0,linkedin
user_878,application_started,2026-08-31 23:25:42.609053,42346.0,linkedin
user_476,application_submitted,2026-08-02 12:25:42.609053,84406.0,referral
user_293,job_search,2026-08-21 04:25:42.609053,100727.0,direct
user_366,application_submitted,2026-08-08 22:25:42.609053,55169.0,google
user_430,application_started,2026-08-03 01:25:42.609053,172872.0,referral
user_789,application_started,2026-08-24 23:25:42.609053,,referral
user_717,job_search,2026-08-30 21:25:42.609053,94244.0,linkedin
user_240,page_view,2026-08-31 06:25:42.609053,62155.0,direct
user_506,page_view,2026-08-14 07:25:42.609053,182970.0,referral
user_965,page_view,2026-08-23 09:25:42.609053,51291.0,referral
user_508,application_started,2026-08-20 05:25:42.609053,43967.0,linkedin
user_478,application_started,2026-08-09 04:25:42.609053,186492.0,referral
user_84,job_search,2026-08-02 11:25:42.609053,90718.0,linkedin
user_411,page_view,2026-08-05 19:25:42.609053,61252.0,direct
user_978,job_search,2026-08-05 01:25:42.609053,140177.0,direct
user_303,application_started,2026-08-24 07:25:42.609053,72322.0,linkedin
user_366,application_started,2026-09-01 11:25:42.609053,,referral
user_592,application_submitted,2026-08-20 06:25:42.609053,136293.0,direct
user_398,application_started,2026-08-16 20:25:42.609053,178029.0,direct
user_713,job_search,2026-08-07 06:25:42.609053,62825.0,linkedin
user_895,application_started,2026-08-21 06:25:42.609053,159128.0,linkedin
user_730,page_view,2026-08-31 14:25:42.609053,85458.0,linkedin
user_506,page_view,2026-08-06 21:25:42.609053,62539.0,direct
user_449,page_view,2026-08-08 05:25:42.609053,120068.0,referral
user_405,page_view,2026-08-15 13:25:42.609053,112880.0,direct
user_626,page_view,2026-08-31 00:25:42.609053,126080.0,google
user_204,application_started,2026-08-02 04:25:42.609053,123374.0,linkedin
user_112,application_submitted,2026-08-04 07:25:42.609053,112591.0,linkedin
user_818,page_view,2026-08-08 15:25:42.609053,51616.0,google
user_788,page_view,2026-08-03 16:25:42.609053,83430.0,linkedin
user_311,application_started,2026-08-04 13:25:42.609053,107806.0,linkedin
user_159,job_search,2026-08-18 23:25:42.609053,91159.0,direct
user_370,application_submitted,2026-08-22 05:25:42.609053,133854.0,direct
user_385,application_started,2026-08-25 04:25:42.609053,111996.0,referral
user_486,job_search,2026-08-05 11:25:42.609053,176163.0,linkedin
user_148,application_started,2026-08-21 00:25:42.609053,162629.0,direct
user_764,application_started,2026-08-15 12:25:42.609053,136517.0,referral
user_675,job_search,2026-08-27 05:25:42.609053,58708.0,google
user_709,job_search,2026-08-30 23:25:42.609053,150218.0,linkedin
user_822,application_submitted,2026-08-26 08:25:42.609053,112424.0,direct
user_439,application_started,2026-08-23 23:25:42.609053,66689.0,referral
user_734,application_submitted,2026-08-31 05:25:42.609053,44298.0,linkedin
user_553,application_submitted,2026-08-30 16:25:42.609053,157765.0,direct
user_918,page_view,2026-08-03 06:25:42.609053,54045.0,google
user_911,job_search,2026-08-20 13:25:42.609053,187891.0,google
user_237,page_view,2026-08-18 18:25:42.609053,69891.0,referral
user_829,application_started,2026-08-02 15:25:42.609053,83388.0,linkedin
user_158,job_search,2026-08-05 01:25:42.609053,74054.0,referral
user_52,application_submitted,2026-08-02 02:25:42.609053,89733.0,direct
user_123,application_started,2026-08-22 10:25:42.609053,,referral
user_385,application_submitted,2026-08-15 21:25:42.609053,187327.0,linkedin
user_156,application_submitted,2026-08-24 18:25:42.609053,87197.0,direct
user_985,application_submitted,2026-08-12 10:25:42.609053,,linkedin
user_45,application_started,2026-08-19 00:25:42.609053,128759.0,referral
user_881,application_submitted,2026-08-01 19:25:42.609053,84806.0,linkedin
user_712,job_search,2026-08-22 01:25:42.609053,74717.0,direct
user_552,page_view,2026-08-06 08:25:42.609053,120842.0,google
user_134,page_view,2026-08-14 21:25:42.609053,145324.0,google
user_896,job_search,2026-08-06 23:25:42.610051,178502.0,referral
user_385,page_view,2026-08-23 12:25:42.610051,62314.0,google
user_756,application_submitted,2026-08-13 05:25:42.610051,,linkedin
user_693,job_search,2026-08-05 15:25:42.610051,110364.0,referral
user_528,application_started,2026-08-10 16:25:42.610051,62571.0,direct
user_48,application_submitted,2026-08-22 23:25:42.610051,47944.0,referral
user_10,application_submitted,2026-08-21 23:25:42.610051,120074.0,referral
user_788,application_submitted,2026-08-03 09:25:42.610051,59526.0,google
user_347,page_view,2026-08-08 03:25:42.610051,102103.0,referral
user_806,application_started,2026-08-07 08:25:42.610051,152279.0,referral
user_946,application_submitted,2026-08-14 08:25:42.610051,166170.0,google
user_791,job_search,2026-08-20 14:25:42.610051,,direct
user_651,application_submitted,2026-08-31 20:25:42.610051,42552.0,linkedin
user_330,application_submitted,2026-08-20 09:25:42.610051,77755.0,referral
user_764,page_view,2026-08-20 02:25:42.610051,90144.0,linkedin
user_467,job_search,2026-08-11 00:25:42.610051,131353.0,linkedin
user_290,application_started,2026-08-18 17:25:42.610051,73442.0,direct
user_80,page_view,2026-08-04 14:25:42.610051,119037.0,linkedin
user_646,application_started,2026-08-18 22:25:42.610051,102937.0,google
user_413,job_search,2026-08-26 16:25:42.610051,181534.0,linkedin
user_278,application_submitted,2026-08-10 14:25:42.610051,,google
user_11,application_submitted,2026-08-25 19:25:42.610051,184067.0,referral
user_269,job_search,2026-08-09 22:25:42.610051,145969.0,linkedin
user_217,page_view,2026-08-03 21:25:42.610051,178689.0,referral
user_42,application_started,2026-08-28 21:25:42.610051,145785.0,google
user_640,application_submitted,2026-08-19 10:25:42.610051,,referral
user_681,application_submitted,2026-08-02 08:25:42.610051,94214.0,linkedin
user_55,application_submitted,2026-08-16 18:25:42.610051,,direct
user_497,page_view,2026-08-16 21:25:42.610051,95176.0,referral
user_377,application_started,2026-08-19 23:25:42.610051,192739.0,referral
user_600,application_submitted,2026-08-03 17:25:42.610051,77844.0,direct
user_446,page_view,2026-08-02 19:25:42.610051,155899.0,google
user_913,application_submitted,2026-08-22 02:25:42.610051,191319.0,linkedin
user_664,job_search,2026-08-16 08:25:42.610051,135130.0,linkedin
user_273,job_search,2026-08-05 04:25:42.610051,69231.0,linkedin
user_539,application_submitted,2026-08-30 14:25:42.610051,58910.0,google
user_564,job_search,2026-08-08 04:25:42.610051,122110.0,linkedin
user_359,job_search,2026-08-16 17:25:42.610051,166646.0,referral
user_166,application_started,2026-08-25 20:25:42.610051,128086.0,referral
user_179,page_view,2026-08-20 17:25:42.610051,80692.0,linkedin
user_923,application_submitted,2026-08-04 02:25:42.610051,132315.0,google
user_563,job_search,2026-08-15 12:25:42.610051,107054.0,direct
user_799,application_submitted,2026-08-20 16:25:42.610051,139274.0,direct
user_153,job_search,2026-08-14 14:25:42.610051,66259.0,linkedin
user_333,job_search,2026-08-02 15:25:42.610051,164554.0,linkedin
user_890,page_view,2026-08-06 22:25:42.610051,147106.0,google
user_585,page_view,2026-08-22 04:25:42.610051,150497.0,referral
user_603,application_started,2026-08-31 04:25:42.610051,75627.0,referral
user_705,application_submitted,2026-08-05 23:25:42.610051,131125.0,referral
user_35,page_view,2026-08-29 03:25:42.610051,132719.0,google
user_790,job_search,2026-08-21 20:25:42.610051,174527.0,linkedin
user_196,page_view,2026-08-14 00:25:42.610051,190018.0,google
user_562,application_started,2026-08-28 22:25:42.610051,,google
user_123,job_search,2026-08-11 17:25:42.610051,44965.0,linkedin
user_967,page_view,2026-08-14 03:25:42.610051,138762.0,linkedin
user_951,job_search,2026-08-02 18:25:42.610051,72709.0,direct
user_307,application_submitted,2026-08-10 17:25:42.610051,,direct
user_182,application_started,2026-08-22 09:25:42.610051,121225.0,google
user_227,application_started,2026-08-20 13:25:42.610051,50017.0,linkedin
user_380,application_started,2026-08-04 21:25:42.610051,139207.0,direct
user_92,job_search,2026-08-11 22:25:42.610051,193534.0,direct
user_805,job_search,2026-08-13 03:25:42.610051,177632.0,linkedin
user_734,application_submitted,2026-08-02 12:25:42.610051,185984.0,linkedin
user_786,application_started,2026-08-24 16:25:42.610051,121690.0,google
user_559,application_submitted,2026-08-16 08:25:42.610051,170366.0,referral
user_50,page_view,2026-08-29 07:25:42.610051,109190.0,referral
user_618,page_view,2026-08-08 07:25:42.610051,116283.0,google
user_815,application_submitted,2026-08-16 17:25:42.610051,98971.0,google
user_624,application_submitted,2026-08-19 17:25:42.610051,181864.0,direct
user_423,page_view,2026-08-07 15:25:42.610051,,linkedin
user_924,page_view,2026-08-14 03:25:42.610051,83959.0,google
user_521,application_started,2026-08-25 04:25:42.610051,,linkedin
user_378,job_search,2026-08-07 19:25:42.610051,117160.0,linkedin
user_247,application_submitted,2026-08-25 14:25:42.610051,178697.0,referral
user_976,application_started,2026-08-30 07:25:42.610051,88072.0,direct
user_148,application_submitted,2026-08-13 17:25:42.610051,175418.0,referral
user_968,application_submitted,2026-08-07 11:25:42.610051,54380.0,google
user_271,application_started,2026-08-27 05:25:42.610051,,referral
user_531,job_search,2026-08-22 07:25:42.610051,174218.0,linkedin
user_575,application_submitted,2026-08-26 04:25:42.610051,59184.0,direct
user_587,application_started,2026-08-24 09:25:42.610051,96340.0,google
user_24,application_started,2026-08-23 02:25:42.610051,86160.0,google
user_789,job_search,2026-08-22 21:25:42.610051,131486.0,linkedin
user_254,job_search,2026-08-08 19:25:42.610051,59543.0,linkedin
user_827,application_submitted,2026-08-06 17:25:42.610051,174914.0,referral
user_972,page_view,2026-08-29 14:25:42.610051,103739.0,referral
user_580,application_started,2026-08-21 23:25:42.610051,144101.0,google
user_589,job_search,2026-08-23 05:25:42.610051,73895.0,google
user_696,page_view,2026-08-24 02:25:42.610051,161970.0,referral
user_911,job_search,2026-08-16 02:25:42.610051,98037.0,linkedin
user_421,job_search,2026-08-25 23:25:42.610051,170776.0,linkedin
user_188,job_search,2026-08-24 06:25:42.610051,101394.0,direct
user_468,page_view,2026-08-23 18:25:42.610051,183078.0,direct
user_672,application_started,2026-08-28 01:25:42.610051,120854.0,direct
user_111,page_view,2026-08-12 11:25:42.610051,176624.0,linkedin
user_23,application_started,2026-08-04 18:25:42.610051,129401.0,direct
user_297,application_started,2026-08-29 16:25:42.610051,130454.0,referral
user_709,job_search,2026-08-12 06:25:42.610051,,google
user_417,application_submitted,2026-08-12 00:25:42.610051,131649.0,direct
user_965,application_submitted,2026-08-10 15:25:42.610051,46642.0,referral
user_100,page_view,2026-08-06 03:25:42.610051,60230.0,direct
user_868,application_started,2026-08-06 01:25:42.610051,61505.0,google
user_344,job_search,2026-08-03 07:25:42.610051,,linkedin
user_139,application_submitted,2026-08-21 06:25:42.610051,106542.0,google
user_122,application_submitted,2026-08-20 14:25:42.610051,75218.0,linkedin
user_765,application_submitted,2026-08-19 21:25:42.610051,82065.0,direct
user_928,job_search,2026-08-25 07:25:42.610051,130881.0,google
user_617,job_search,2026-08-21 16:25:42.610051,,referral
user_916,application_started,2026-08-15 09:25:42.610051,55128.0,direct
user_11,application_submitted,2026-08-08 21:25:42.610051,163762.0,referral
user_663,page_view,2026-08-24 20:25:42.610051,40877.0,direct
user_54,page_view,2026-08-05 14:25:42.610051,41569.0,referral
user_648,job_search,2026-08-16 20:25:42.610051,171708.0,direct
user_654,application_submitted,2026-08-26 10:25:42.610051,72591.0,linkedin
user_366,job_search,2026-08-09 21:25:42.610051,71977.0,linkedin
user_64,page_view,2026-08-12 05:25:42.610051,147281.0,linkedin
user_250,page_view,2026-08-04 09:25:42.610051,166451.0,referral
user_178,page_view,2026-08-09 21:25:42.610051,199400.0,google
user_714,page_view,2026-08-14 14:25:42.610051,111643.0,linkedin
user_587,application_submitted,2026-08-03 07:25:42.610051,153262.0,google
user_796,application_started,2026-08-17 07:25:42.610051,74605.0,direct
user_695,page_view,2026-08-24 11:25:42.610051,128239.0,referral
user_684,application_submitted,2026-08-30 19:25:42.610051,150563.0,google
user_568,job_search,2026-08-22 08:25:42.610051,193696.0,referral
user_750,application_started,2026-08-03 16:25:42.610051,198988.0,direct
user_792,application_started,2026-09-01 04:25:42.610051,163470.0,google
user_8,job_search,2026-08-03 12:25:42.610051,56759.0,google
user_215,application_submitted,2026-08-09 20:25:42.610051,48092.0,referral
user_773,application_started,2026-08-29 17:25:42.610051,128564.0,google
user_234,job_search,2026-08-10 02:25:42.610051,88076.0,direct
user_530,page_view,2026-08-01 20:25:42.610051,142910.0,google
user_458,application_submitted,2026-08-18 15:25:42.610051,180376.0,linkedin
user_769,page_view,2026-08-21 11:25:42.610051,137642.0,direct
user_884,job_search,2026-08-08 21:25:42.610051,112909.0,direct
user_692,application_started,2026-08-24 19:25:42.610051,162374.0,direct
user_537,application_submitted,2026-09-01 01:25:42.610051,68905.0,direct
user_889,job_search,2026-08-12 17:25:42.610051,115251.0,linkedin
user_772,job_search,2026-08-06 08:25:42.610051,169626.0,google
user_699,application_submitted,2026-08-04 21:25:42.610051,108923.0,referral
user_271,application_submitted,2026-08-16 10:25:42.610051,149370.0,google
user_957,application_started,2026-08-05 14:25:42.610051,,direct
user_619,page_view,2026-08-18 12:25:42.610051,185957.0,google
user_86,page_view,2026-08-21 14:25:42.610051,135114.0,linkedin
user_682,application_started,2026-08-26 16:25:42.610051,140972.0,linkedin
user_697,job_search,2026-08-04 18:25:42.610051,183986.0,referral
user_676,application_submitted,2026-08-30 18:25:42.610051,107717.0,referral
user_388,job_search,2026-08-04 21:25:42.610051,168864.0,linkedin
user_839,application_started,2026-08-09 22:25:42.610051,198137.0,referral
user_478,page_view,2026-08-17 14:25:42.610051,126658.0,direct
user_855,job_search,2026-08-27 15:25:42.610051,65617.0,google
user_566,page_view,2026-08-12 07:25:42.610051,182247.0,google
user_533,job_search,2026-08-03 08:25:42.610051,95447.0,linkedin
user_402,application_started,2026-08-23 10:25:42.610051,56587.0,referral
user_138,application_submitted,2026-08-13 02:25:42.610051,93190.0,linkedin
user_650,application_submitted,2026-08-29 01:25:42.610051,98455.0,linkedin
user_649,application_submitted,2026-08-26 04:25:42.610051,139877.0,referral
user_988,application_submitted,2026-08-13 17:25:42.610051,,referral
user_517,job_search,2026-08-22 05:25:42.610051,134692.0,referral
user_824,page_view,2026-08-27 02:25:42.610051,,direct
user_755,application_submitted,2026-09-01 09:25:42.610051,93026.0,linkedin
user_219,job_search,2026-08-24 15:25:42.610051,198335.0,direct
user_490,page_view,2026-08-19 23:25:42.610051,101694.0,referral
user_494,page_view,2026-08-13 04:25:42.610051,133272.0,referral
user_911,job_search,2026-08-05 16:25:42.610051,128081.0,direct
user_232,application_started,2026-08-09 20:25:42.610051,117219.0,google
user_507,application_submitted,2026-08-30 16:25:42.610051,188343.0,direct
user_158,job_search,2026-08-11 13:25:42.610051,132578.0,referral
user_61,job_search,2026-08-25 05:25:42.610051,93887.0,google
user_298,page_view,2026-08-22 00:25:42.610051,94745.0,google
user_935,page_view,2026-08-26 18:25:42.610051,67815.0,google
user_341,job_search,2026-08-09 14:25:42.610051,185622.0,google
user_722,page_view,2026-08-09 04:25:42.610051,182261.0,linkedin
user_374,application_submitted,2026-08-31 06:25:42.610051,122507.0,linkedin
user_150,page_view,2026-08-08 22:25:42.610051,155075.0,linkedin
user_59,application_started,2026-08-13 19:25:42.610051,,referral
user_639,application_started,2026-08-27 05:25:42.610051,98519.0,linkedin
user_641,job_search,2026-08-22 00:25:42.610051,117760.0,linkedin
user_688,job_search,2026-08-27 04:25:42.610051,,google
user_167,page_view,2026-08-26 03:25:42.610051,90780.0,linkedin
user_879,page_view,2026-08-26 11:25:42.610051,,direct
user_433,application_started,2026-08-16 07:25:42.610051,182333.0,referral
user_442,page_view,2026-08-09 07:25:42.610051,166736.0,referral
user_193,application_started,2026-08-11 20:25:42.610051,177399.0,direct
user_400,application_submitted,2026-08-24 05:25:42.610051,155193.0,referral
user_544,page_view,2026-08-08 21:25:42.610051,42660.0,direct
user_589,application_submitted,2026-08-13 02:25:42.610051,58285.0,direct
user_59,application_started,2026-08-30 00:25:42.610051,92622.0,direct
user_816,application_submitted,2026-08-05 23:25:42.610051,168256.0,direct
user_518,application_submitted,2026-08-26 17:25:42.610051,156920.0,linkedin
user_860,job_search,2026-08-09 15:25:42.610051,160241.0,direct
user_729,page_view,2026-08-18 14:25:42.610051,49894.0,referral
user_549,job_search,2026-08-28 23:25:42.610051,66537.0,linkedin
user_382,page_view,2026-08-27 14:25:42.610051,,direct
user_761,page_view,2026-08-20 19:25:42.610051,,referral
user_716,job_search,2026-08-31 15:25:42.610051,52746.0,linkedin
user_222,application_started,2026-09-01 12:25:42.610051,155280.0,google
user_660,application_submitted,2026-08-18 22:25:42.610051,,direct
user_272,application_started,2026-08-22 03:25:42.610051,68521.0,referral
user_905,application_started,2026-08-09 18:25:42.610051,182429.0,linkedin
user_42,application_started,2026-08-25 15:25:42.610051,190280.0,direct
user_462,page_view,2026-08-26 05:25:42.610051,142802.0,google
user_571,job_search,2026-08-15 17:25:42.610051,156141.0,google
user_632,page_view,2026-08-22 16:25:42.610051,53394.0,google
user_688,application_started,2026-08-02 15:25:42.610051,90523.0,referral
user_843,job_search,2026-08-23 05:25:42.610051,53989.0,direct
user_255,application_submitted,2026-08-10 00:25:42.610051,42539.0,referral
user_141,page_view,2026-08-23 17:25:42.610051,94396.0,linkedin
user_495,application_started,2026-08-16 00:25:42.610051,,google
user_668,page_view,2026-08-25 18:25:42.610051,131558.0,linkedin
user_220,job_search,2026-08-05 15:25:42.610051,62213.0,google
user_444,page_view,2026-08-16 07:25:42.610051,158987.0,referral
user_116,application_started,2026-08-10 13:25:42.610051,67190.0,referral
user_289,page_view,2026-08-07 19:25:42.610051,,linkedin
user_957,job_search,2026-08-29 21:25:42.610051,171036.0,direct
user_750,page_view,2026-08-23 19:25:42.610051,160843.0,google
user_416,job_search,2026-08-16 09:25:42.610051,166786.0,linkedin
user_44,application_submitted,2026-08-02 03:25:42.610051,86572.0,direct
user_989,page_view,2026-08-03 04:25:42.610051,98308.0,linkedin
user_551,application_started,2026-08-20 17:25:42.610051,98195.0,google
user_691,application_submitted,2026-08-15 20:25:42.610051,44307.0,google
user_818,job_search,2026-08-03 16:25:42.610051,116147.0,google
user_574,application_submitted,2026-08-03 04:25:42.610051,161890.0,direct
user_191,job_search,2026-08-28 03:25:42.610051,129125.0,direct
user_559,application_started,2026-08-30 20:25:42.610051,142273.0,google
user_451,application_submitted,2026-08-10 06:25:42.610051,151489.0,referral
user_993,job_search,2026-08-18 14:25:42.610051,67748.0,direct
user_668,job_search,2026-08-31 05:25:42.610051,68610.0,google
user_249,page_view,2026-08-24 05:25:42.610051,120956.0,google
user_779,application_submitted,2026-08-23 12:25:42.610051,40665.0,google
user_795,page_view,2026-08-02 04:25:42.610051,99697.0,direct
user_270,application_submitted,2026-08-25 10:25:42.610051,115781.0,referral
user_868,page_view,2026-08-08 15:25:42.610051,191176.0,direct
user_226,job_search,2026-08-26 20:25:42.610051,105533.0,linkedin
user_582,application_started,2026-08-07 23:25:42.610051,46548.0,direct
user_426,application_submitted,2026-08-17 01:25:42.610051,,linkedin
user_981,page_view,2026-08-28 18:25:42.610051,127219.0,referral
user_156,application_submitted,2026-08-21 16:25:42.610051,157182.0,linkedin
user_709,application_started,2026-08-07 14:25:42.610051,,linkedin
user_59,job_search,2026-08-15 09:25:42.610051,42302.0,direct
user_956,job_search,2026-08-25 16:25:42.610051,129423.0,linkedin
user_86,application_started,2026-08-05 07:25:42.610051,162870.0,linkedin
user_575,application_started,2026-08-24 15:25:42.610051,80064.0,referral
user_745,application_submitted,2026-08-09 11:25:42.610051,70553.0,linkedin
user_774,page_view,2026-08-02 00:25:42.610051,161224.0,google
user_417,page_view,2026-08-15 09:25:42.610051,51224.0,referral
user_585,job_search,2026-08-07 21:25:42.610051,41244.0,linkedin
user_329,application_submitted,2026-08-06 19:25:42.610051,178767.0,linkedin
user_341,application_submitted,2026-08-26 13:25:42.610051,111605.0,referral
user_589,job_search,2026-08-29 10:25:42.610051,177904.0,referral
user_249,application_started,2026-08-07 15:25:42.610051,180226.0,referral
user_24,application_submitted,2026-08-12 10:25:42.610051,108299.0,linkedin
user_173,application_submitted,2026-08-28 09:25:42.610051,129161.0,direct
user_6,page_view,2026-08-06 17:25:42.610051,90456.0,linkedin
user_162,application_submitted,2026-08-18 16:25:42.610051,170784.0,direct
user_122,application_started,2026-08-11 23:25:42.610051,177296.0,linkedin
user_172,application_started,2026-08-30 13:25:42.610051,135926.0,linkedin
user_668,job_search,2026-08-31 11:25:42.610051,174429.0,linkedin
user_136,application_started,2026-08-17 15:25:42.610051,186779.0,google
user_156,application_started,2026-08-27 16:25:42.610051,74270.0,google
user_616,job_search,2026-08-05 01:25:42.610051,171912.0,linkedin
user_829,application_started,2026-08-02 17:25:42.610051,178432.0,direct
user_848,page_view,2026-08-28 05:25:42.610051,169243.0,google
user_608,page_view,2026-08-26 11:25:42.610051,144293.0,direct
user_635,job_search,2026-08-19 01:25:42.610051,41087.0,google
user_435,application_submitted,2026-08-05 19:25:42.610051,161180.0,google
user_979,page_view,2026-08-19 14:25:42.610051,46733.0,linkedin
user_109,page_view,2026-08-02 21:25:42.610051,,direct
user_706,page_view,2026-08-31 02:25:42.610051,,referral
user_680,application_submitted,2026-08-13 07:25:42.610051,79109.0,direct
user_595,application_started,2026-08-02 01:25:42.610051,105460.0,referral
user_976,job_search,2026-08-05 19:25:42.610051,44597.0,referral
user_406,application_started,2026-08-24 21:25:42.610051,102192.0,google
user_920,application_submitted,2026-08-15 18:25:42.610051,162564.0,google
user_294,job_search,2026-08-11 19:25:42.610051,80957.0,referral
user_856,job_search,2026-08-21 04:25:42.610051,172450.0,referral
user_181,page_view,2026-08-16 00:25:42.610051,89509.0,linkedin
user_114,application_started,2026-08-30 23:25:42.610051,144320.0,linkedin
user_937,application_submitted,2026-08-05 10:25:42.610051,160857.0,referral
user_406,application_submitted,2026-08-16 16:25:42.610051,47047.0,referral
user_719,application_submitted,2026-08-13 19:25:42.610051,179624.0,linkedin
user_175,application_started,2026-08-18 01:25:42.610051,92255.0,google
user_345,job_search,2026-08-24 06:25:42.610051,83272.0,referral
user_402,page_view,2026-08-14 13:25:42.610051,90602.0,referral
user_753,application_submitted,2026-08-06 08:25:42.610051,,referral
user_73,application_started,2026-08-07 22:25:42.610051,127177.0,google
user_9,page_view,2026-08-11 22:25:42.610051,157626.0,google
user_100,application_submitted,2026-08-14 17:25:42.610051,112845.0,referral
user_772,page_view,2026-08-04 06:25:42.610051,94735.0,google
user_127,application_started,2026-08-10 14:25:42.610051,168786.0,referral
user_770,application_submitted,2026-08-15 23:25:42.610051,,direct
user_351,application_submitted,2026-08-12 10:25:42.610051,149749.0,referral
user_433,application_submitted,2026-08-02 15:25:42.610051,91416.0,linkedin
user_102,application_started,2026-08-31 15:25:42.610051,144316.0,direct
user_149,application_submitted,2026-08-21 19:25:42.610051,84511.0,referral
user_296,job_search,2026-08-24 22:25:42.610051,90442.0,google
user_120,job_search,2026-08-05 02:25:42.610051,103971.0,linkedin
user_607,application_submitted,2026-08-19 18:25:42.610051,63876.0,referral
user_958,application_started,2026-08-27 01:25:42.610051,180435.0,linkedin
user_669,application_submitted,2026-08-14 12:25:42.610051,54349.0,linkedin
user_607,page_view,2026-08-08 14:25:42.610051,,referral
user_270,application_started,2026-08-03 12:25:42.610051,97105.0,linkedin
user_664,job_search,2026-08-10 06:25:42.610051,,referral
user_885,job_search,2026-08-01 23:25:42.610051,43742.0,referral
user_937,page_view,2026-08-13 01:25:42.610051,52662.0,linkedin
user_989,application_started,2026-08-21 06:25:42.610051,186072.0,direct
user_645,page_view,2026-08-30 16:25:42.610051,168711.0,linkedin
user_673,job_search,2026-08-10 17:25:42.610051,61074.0,direct
user_422,application_started,2026-08-28 07:25:42.610051,163543.0,direct
user_769,page_view,2026-08-27 12:25:42.610051,68753.0,direct
user_214,application_submitted,2026-08-06 04:25:42.610051,111775.0,direct
user_858,application_started,2026-08-18 22:25:42.610051,70475.0,direct
user_851,job_search,2026-08-12 04:25:42.610051,,referral
user_59,application_started,2026-08-08 13:25:42.610051,66067.0,referral
user_57,job_search,2026-08-19 04:25:42.610051,69001.0,referral
user_318,application_submitted,2026-08-12 14:25:42.610051,169193.0,referral
user_221,application_started,2026-08-10 09:25:42.610051,153639.0,linkedin
user_545,job_search,2026-08-23 13:25:42.610051,114639.0,direct
user_594,application_submitted,2026-08-07 11:25:42.610051,106637.0,google
user_372,job_search,2026-08-29 11:25:42.610051,182203.0,linkedin
user_470,application_submitted,2026-08-24 01:25:42.610051,107253.0,direct
user_573,job_search,2026-08-08 12:25:42.610051,187657.0,direct
user_419,application_started,2026-08-22 03:25:42.610051,77770.0,linkedin
user_470,page_view,2026-08-07 21:25:42.610051,42394.0,referral
user_892,application_submitted,2026-08-25 16:25:42.610051,65351.0,referral
user_209,page_view,2026-08-07 05:25:42.610051,54041.0,google
user_149,application_submitted,2026-08-18 00:25:42.610051,130859.0,google
user_75,page_view,2026-08-22 02:25:42.610051,,linkedin
user_814,job_search,2026-08-15 14:25:42.610051,160347.0,referral
user_343,application_started,2026-08-28 03:25:42.610051,43030.0,direct
user_687,job_search,2026-08-18 20:25:42.610051,52187.0,linkedin
user_497,application_submitted,2026-08-02 03:25:42.610051,64915.0,linkedin
user_641,application_submitted,2026-08-25 18:25:42.610051,103808.0,google
user_552,application_submitted,2026-08-13 21:25:42.610051,94060.0,referral
user_656,job_search,2026-08-19 05:25:42.610051,67720.0,direct
user_672,page_view,2026-08-01 15:25:42.610051,149769.0,linkedin
user_794,page_view,2026-08-30 21:25:42.610051,179544.0,direct
user_552,application_started,2026-08-21 01:25:42.610051,166262.0,linkedin
user_573,job_search,2026-08-10 00:25:42.610051,142988.0,google
user_902,page_view,2026-08-20 05:25:42.610051,139788.0,direct
user_767,application_started,2026-08-03 08:25:42.610051,110404.0,linkedin
user_563,job_search,2026-08-13 12:25:42.610051,80073.0,referral
user_372,page_view,2026-08-09 05:25:42.610051,135206.0,linkedin
user_111,application_submitted,2026-08-14 05:25:42.611054,101316.0,referral
user_902,page_view,2026-08-27 04:25:42.611054,175183.0,referral
user_872,job_search,2026-08-15 18:25:42.611054,133833.0,linkedin
user_112,application_submitted,2026-08-12 15:25:42.611054,72737.0,direct
user_526,job_search,2026-08-11 07:25:42.611054,149064.0,referral
user_69,application_started,2026-08-02 21:25:42.611054,176914.0,linkedin
user_765,page_view,2026-08-15 05:25:42.611054,135272.0,referral
user_594,application_submitted,2026-08-17 09:25:42.611054,95907.0,referral
user_551,application_started,2026-08-11 11:25:42.611054,81610.0,referral
user_710,application_submitted,2026-08-19 15:25:42.611054,134084.0,linkedin
user_397,application_started,2026-08-06 15:25:42.611054,68329.0,linkedin
user_801,page_view,2026-08-19 01:25:42.611054,146558.0,referral
user_512,page_view,2026-08-10 11:25:42.611054,166557.0,referral
user_608,page_view,2026-08-14 23:25:42.611054,,referral
user_232,page_view,2026-08-03 06:25:42.611054,,linkedin
user_214,page_view,2026-08-01 16:25:42.611054,57858.0,direct
user_735,application_started,2026-08-08 12:25:42.611054,52629.0,referral
user_935,job_search,2026-08-01 21:25:42.611054,,linkedin
user_431,job_search,2026-08-11 17:25:42.611054,150790.0,referral
user_165,application_started,2026-08-01 15:25:42.611054,131135.0,referral
user_833,page_view,2026-08-24 06:25:42.611054,84745.0,google
user_922,job_search,2026-08-07 01:25:42.611054,148575.0,referral
user_67,job_search,2026-08-21 03:25:42.611054,79259.0,google
user_369,application_submitted,2026-08-08 19:25:42.611054,188005.0,linkedin
user_209,application_submitted,2026-08-12 06:25:42.611054,51351.0,direct
user_459,job_search,2026-08-17 09:25:42.611054,185314.0,referral
user_876,application_started,2026-08-28 03:25:42.611054,114258.0,linkedin
user_304,application_submitted,2026-09-01 12:25:42.611054,61013.0,direct
user_310,application_started,2026-08-07 03:25:42.611054,67519.0,direct
user_562,job_search,2026-08-05 05:25:42.611054,160421.0,linkedin
user_331,application_started,2026-08-04 18:25:42.611054,47120.0,referral
user_305,page_view,2026-09-01 10:25:42.611054,182524.0,linkedin
user_646,application_submitted,2026-08-26 07:25:42.611054,162180.0,linkedin
user_273,application_started,2026-08-18 08:25:42.611054,177890.0,direct
user_489,application_started,2026-08-15 19:25:42.611054,140864.0,linkedin
user_144,application_started,2026-08-27 23:25:42.611054,170509.0,google
user_688,application_started,2026-08-20 12:25:42.611054,44307.0,linkedin
user_506,page_view,2026-08-21 19:25:42.611054,143644.0,linkedin
user_361,job_search,2026-08-03 04:25:42.611054,136615.0,direct
user_810,page_view,2026-08-15 00:25:42.611054,,referral
user_763,page_view,2026-08-03 16:25:42.611054,181188.0,linkedin
user_529,application_submitted,2026-08-21 14:25:42.611054,146794.0,referral
user_690,application_submitted,2026-08-05 13:25:42.611054,73712.0,linkedin
user_502,page_view,2026-08-27 00:25:42.611054,85254.0,direct
user_893,application_submitted,2026-08-18 04:25:42.611054,138953.0,direct
user_192,job_search,2026-08-02 05:25:42.611054,110044.0,google
user_629,page_view,2026-09-01 12:25:42.611054,109223.0,direct
user_397,application_submitted,2026-08-03 20:25:42.611054,167629.0,google
user_55,page_view,2026-08-10 04:25:42.611054,93271.0,direct
user_399,application_submitted,2026-08-10 14:25:42.611054,198912.0,direct
user_714,application_submitted,2026-08-03 06:25:42.611054,104247.0,google
user_458,page_view,2026-08-11 18:25:42.611054,136453.0,linkedin
user_850,application_submitted,2026-08-28 14:25:42.611054,74938.0,linkedin
user_77,application_submitted,2026-08-06 04:25:42.611054,149552.0,referral
user_992,job_search,2026-08-17 09:25:42.611054,96501.0,linkedin
user_794,page_view,2026-08-26 21:25:42.611054,197577.0,google
user_42,job_search,2026-08-01 15:25:42.611054,55856.0,google
user_486,application_submitted,2026-08-25 19:25:42.611054,78092.0,linkedin
user_208,page_view,2026-08-23 10:25:42.611054,112185.0,google
user_688,page_view,2026-08-15 13:25:42.611054,111372.0,linkedin
user_268,application_submitted,2026-08-31 23:25:42.611054,108958.0,referral
user_445,job_search,2026-08-23 03:25:42.611054,184796.0,referral
user_544,page_view,2026-08-06 17:25:42.611054,101431.0,direct
user_179,job_search,2026-08-24 04:25:42.611054,59811.0,google
user_786,page_view,2026-08-17 00:25:42.611054,174779.0,direct
user_618,page_view,2026-08-03 13:25:42.611054,116591.0,referral
user_413,application_submitted,2026-08-15 19:25:42.611054,58117.0,linkedin
user_1,application_started,2026-08-07 16:25:42.611054,195239.0,referral
user_521,job_search,2026-08-28 10:25:42.611054,81814.0,linkedin
user_671,application_started,2026-08-24 14:25:42.611054,42192.0,direct
user_260,job_search,2026-08-03 07:25:42.611054,140422.0,google
user_633,page_view,2026-08-18 22:25:42.611054,,referral
user_696,job_search,2026-08-16 11:25:42.611054,121161.0,google
user_567,application_started,2026-08-24 05:25:42.611054,66011.0,linkedin
user_327,page_view,2026-08-06 12:25:42.611054,96285.0,direct
user_173,application_submitted,2026-08-18 15:25:42.611054,173431.0,referral
user_233,application_submitted,2026-08-20 02:25:42.611054,195128.0,referral
user_407,application_started,2026-08-05 11:25:42.611054,161795.0,referral
user_268,application_started,2026-08-04 17:25:42.611054,134962.0,direct
user_889,page_view,2026-08-10 13:25:42.611054,94663.0,direct
user_366,page_view,2026-08-07 17:25:42.611054,155303.0,google
user_868,page_view,2026-08-27 14:25:42.611054,158592.0,linkedin
user_105,application_started,2026-08-18 19:25:42.611054,128483.0,linkedin
user_686,application_started,2026-08-21 14:25:42.611054,57431.0,linkedin
user_333,application_submitted,2026-08-30 12:25:42.611054,,referral
user_283,application_submitted,2026-08-31 09:25:42.611054,182196.0,referral
user_546,application_started,2026-08-30 16:25:42.611054,118980.0,direct
user_555,page_view,2026-08-21 20:25:42.611054,111759.0,direct
user_735,application_submitted,2026-08-30 00:25:42.611054,168291.0,linkedin
user_542,application_started,2026-08-06 15:25:42.611054,81959.0,linkedin
user_804,page_view,2026-08-25 13:25:42.611054,153197.0,google
user_213,job_search,2026-08-10 16:25:42.611054,,direct
user_149,application_started,2026-08-24 07:25:42.611054,,google
user_170,page_view,2026-08-04 00:25:42.611054,117739.0,linkedin
user_965,page_view,2026-08-03 05:25:42.611054,68266.0,google
user_960,job_search,2026-08-24 23:25:42.611054,72576.0,direct
user_518,job_search,2026-08-25 12:25:42.611054,112171.0,direct
user_718,job_search,2026-08-30 07:25:42.611054,95115.0,referral
user_221,application_started,2026-08-02 02:25:42.611054,122884.0,referral
user_123,application_submitted,2026-08-19 20:25:42.611054,162214.0,google
user_397,job_search,2026-08-06 07:25:42.611054,135226.0,google
user_740,page_view,2026-08-03 03:25:42.611054,120076.0,referral
user_362,application_submitted,2026-09-01 12:25:42.611054,95935.0,direct
user_739,page_view,2026-08-13 23:25:42.611054,44792.0,linkedin
user_290,job_search,2026-08-25 04:25:42.611054,132580.0,linkedin
user_145,job_search,2026-08-08 20:25:42.611054,154165.0,google
user_762,job_search,2026-08-10 16:25:42.611054,126724.0,google
user_331,application_started,2026-08-11 16:25:42.611054,78693.0,referral
user_655,application_submitted,2026-08-05 20:25:42.611054,175494.0,referral
user_905,page_view,2026-08-06 21:25:42.611054,,referral
user_587,application_started,2026-08-15 01:25:42.611054,86631.0,referral
user_135,application_started,2026-08-06 22:25:42.611054,105571.0,direct
user_555,job_search,2026-08-15 23:25:42.611054,56950.0,referral
user_237,application_started,2026-08-02 20:25:42.611054,172465.0,google
user_628,application_submitted,2026-08-12 07:25:42.611054,,google
user_375,page_view,2026-08-27 20:25:42.611054,127264.0,referral
user_120,page_view,2026-08-30 05:25:42.611054,179865.0,google
user_321,application_submitted,2026-08-20 23:25:42.611054,161873.0,google
user_499,job_search,2026-08-08 23:25:42.611054,82409.0,direct
user_97,page_view,2026-08-19 10:25:42.611054,127258.0,linkedin
user_374,page_view,2026-09-01 00:25:42.611054,73349.0,direct
user_204,page_view,2026-08-22 13:25:42.611054,139079.0,linkedin
user_338,application_submitted,2026-08-10 02:25:42.611054,188289.0,referral
user_522,application_submitted,2026-08-20 11:25:42.611054,147530.0,google
user_664,page_view,2026-08-06 18:25:42.611054,73799.0,referral
user_621,application_submitted,2026-08-21 03:25:42.611054,,google
user_60,page_view,2026-08-05 03:25:42.611054,140477.0,linkedin
user_195,application_submitted,2026-08-08 06:25:42.611054,91614.0,referral
user_473,job_search,2026-08-09 22:25:42.611054,98544.0,linkedin
user_978,job_search,2026-08-14 16:25:42.611054,178022.0,linkedin
user_838,application_started,2026-08-05 21:25:42.611054,161442.0,linkedin
user_836,job_search,2026-08-08 15:25:42.611054,64234.0,referral
user_71,page_view,2026-08-05 02:25:42.611054,75654.0,direct
user_693,application_started,2026-08-22 13:25:42.611054,106196.0,referral
user_558,job_search,2026-08-10 16:25:42.611054,80106.0,direct
user_35,page_view,2026-08-10 00:25:42.611054,72695.0,direct
user_681,application_started,2026-08-18 00:25:42.611054,171765.0,linkedin
user_138,application_submitted,2026-08-19 22:25:42.611054,165706.0,google
user_396,application_submitted,2026-08-30 22:25:42.611054,195479.0,referral
user_411,job_search,2026-08-21 07:25:42.611054,82679.0,linkedin
user_701,page_view,2026-08-06 03:25:42.611054,53465.0,linkedin
user_319,page_view,2026-08-21 03:25:42.611054,,referral
user_124,job_search,2026-08-15 13:25:42.611054,49164.0,referral
user_120,job_search,2026-08-10 09:25:42.611054,150216.0,referral
user_463,page_view,2026-08-31 02:25:42.611054,53601.0,direct
user_692,application_submitted,2026-08-14 21:25:42.611054,155238.0,direct
user_418,application_submitted,2026-08-27 23:25:42.611054,179113.0,google
user_731,application_submitted,2026-08-20 19:25:42.611054,64294.0,google
user_809,application_submitted,2026-08-10 18:25:42.611054,198644.0,google
user_365,application_started,2026-08-30 08:25:42.611054,68453.0,direct
user_654,application_submitted,2026-08-19 14:25:42.611054,103461.0,referral
user_862,job_search,2026-08-03 00:25:42.611054,178258.0,referral
user_68,page_view,2026-08-27 08:25:42.611054,92609.0,google
user_658,application_submitted,2026-08-18 14:25:42.611054,,referral
user_306,application_submitted,2026-08-19 02:25:42.611054,126476.0,referral
user_916,job_search,2026-08-30 01:25:42.611054,169482.0,google
user_620,job_search,2026-08-30 19:25:42.611054,95897.0,referral
user_707,page_view,2026-08-20 09:25:42.611054,148688.0,direct
user_946,page_view,2026-08-19 16:25:42.611054,68668.0,referral
user_425,job_search,2026-08-25 18:25:42.611054,118753.0,referral
user_657,application_submitted,2026-08-02 19:25:42.611054,156573.0,direct
user_737,application_started,2026-08-11 15:25:42.611054,,linkedin
user_693,application_submitted,2026-08-28 02:25:42.611054,140123.0,linkedin
user_162,application_submitted,2026-08-09 20:25:42.611054,143681.0,direct
user_532,page_view,2026-08-10 04:25:42.611054,121369.0,direct
user_757,page_view,2026-08-18 12:25:42.611054,161479.0,referral
user_892,job_search,2026-08-19 11:25:42.611054,173314.0,referral
user_871,job_search,2026-08-06 16:25:42.611054,148633.0,linkedin
user_555,job_search,2026-08-23 20:25:42.611054,65035.0,referral
user_841,page_view,2026-08-02 10:25:42.611054,185681.0,google
user_279,page_view,2026-08-12 19:25:42.611054,,referral
user_976,application_started,2026-08-05 22:25:42.611054,66914.0,direct
user_975,application_started,2026-08-27 07:25:42.611054,136720.0,referral
user_259,application_started,2026-08-02 11:25:42.611054,,direct
user_380,page_view,2026-08-09 03:25:42.611054,41904.0,direct
user_945,page_view,2026-08-09 16:25:42.611054,58932.0,linkedin
user_829,job_search,2026-08-26 14:25:42.611054,120505.0,linkedin
user_278,application_started,2026-08-27 01:25:42.611054,189431.0,referral
user_418,application_started,2026-08-31 20:25:42.611054,184084.0,google
user_298,page_view,2026-08-03 15:25:42.611054,119389.0,referral
user_210,page_view,2026-08-24 17:25:42.611054,56009.0,linkedin
user_365,application_submitted,2026-08-23 12:25:42.611054,96814.0,google
user_934,application_started,2026-08-15 19:25:42.611054,102941.0,referral
user_688,application_submitted,2026-08-13 20:25:42.611054,,linkedin
user_553,page_view,2026-09-01 01:25:42.611054,56946.0,linkedin
user_792,page_view,2026-08-10 00:25:42.611054,101232.0,linkedin
user_435,job_search,2026-08-29 19:25:42.611054,68665.0,direct
user_24,application_started,2026-08-18 22:25:42.611054,141316.0,linkedin
user_632,application_started,2026-08-20 15:25:42.611054,75582.0,direct
user_734,job_search,2026-08-14 21:25:42.611054,75828.0,linkedin
user_72,page_view,2026-08-12 08:25:42.611054,191410.0,google
user_966,job_search,2026-08-16 03:25:42.611054,50522.0,referral
user_488,page_view,2026-08-23 17:25:42.611054,45704.0,referral
user_161,application_started,2026-08-28 23:25:42.611054,194245.0,referral
user_328,page_view,2026-08-11 04:25:42.611054,146891.0,referral
user_194,application_started,2026-08-02 10:25:42.611054,185006.0,google
user_630,job_search,2026-08-13 02:25:42.611054,167250.0,google
user_690,application_submitted,2026-08-06 00:25:42.611054,83203.0,linkedin
user_35,application_started,2026-08-11 03:25:42.611054,48984.0,google
user_492,application_started,2026-08-28 03:25:42.611054,68338.0,direct
user_152,page_view,2026-08-27 10:25:42.611054,126638.0,direct
user_810,application_submitted,2026-08-26 10:25:42.611054,157508.0,google
user_156,page_view,2026-08-20 21:25:42.611054,67285.0,referral
user_956,application_started,2026-08-29 13:25:42.611054,126034.0,google
user_15,application_started,2026-08-08 06:25:42.611054,99526.0,direct
user_419,application_submitted,2026-08-06 01:25:42.611054,128826.0,direct
user_912,application_submitted,2026-08-20 16:25:42.611054,152970.0,google
user_686,job_search,2026-08-18 15:25:42.611054,97590.0,google
user_136,application_submitted,2026-08-26 01:25:42.611054,160476.0,linkedin
user_419,page_view,2026-08-17 17:25:42.611054,141419.0,direct
user_6,application_started,2026-08-19 13:25:42.611054,105140.0,direct
user_408,job_search,2026-08-18 18:25:42.611054,164598.0,linkedin
user_935,application_submitted,2026-08-28 19:25:42.611054,176623.0,google
user_438,page_view,2026-08-08 09:25:42.611054,135065.0,referral
user_123,job_search,2026-08-27 10:25:42.611054,192617.0,google
user_44,application_started,2026-08-13 23:25:42.611054,183016.0,google
user_460,application_started,2026-08-29 22:25:42.611054,46780.0,referral
user_479,application_started,2026-08-20 10:25:42.611054,177499.0,referral
user_546,job_search,2026-08-19 19:25:42.611054,57783.0,linkedin
user_225,application_submitted,2026-08-17 17:25:42.611054,145609.0,linkedin
user_305,job_search,2026-08-15 21:25:42.611054,189706.0,linkedin
user_475,application_submitted,2026-08-21 01:25:42.611054,159011.0,direct
user_667,application_submitted,2026-08-20 13:25:42.611054,127990.0,referral
user_904,application_started,2026-08-03 07:25:42.611054,61873.0,direct
user_9,page_view,2026-08-06 18:25:42.611054,58172.0,linkedin
user_251,application_started,2026-08-28 23:25:42.611054,143598.0,google
user_858,job_search,2026-08-13 16:25:42.611054,110888.0,google
user_838,job_search,2026-08-28 11:25:42.611054,97218.0,google
user_972,application_started,2026-08-19 16:25:42.611054,166186.0,linkedin
user_928,application_started,2026-08-11 11:25:42.611054,,direct
user_623,job_search,2026-08-02 05:25:42.611054,,linkedin
user_552,job_search,2026-08-20 09:25:42.611054,66868.0,google
user_961,page_view,2026-08-05 00:25:42.611054,179841.0,linkedin
user_767,application_submitted,2026-08-05 16:25:42.611054,118259.0,google
user_22,page_view,2026-08-19 16:25:42.611054,47039.0,linkedin
user_168,page_view,2026-08-05 06:25:42.611054,132787.0,direct
user_108,application_submitted,2026-08-08 21:25:42.611054,46749.0,referral
user_764,page_view,2026-08-27 13:25:42.611054,117336.0,referral
user_337,application_submitted,2026-08-31 03:25:42.611054,142084.0,referral
user_724,application_submitted,2026-08-27 07:25:42.611054,124120.0,referral
user_445,application_submitted,2026-09-01 11:25:42.611054,74100.0,google
user_584,application_started,2026-08-31 08:25:42.611054,87086.0,google
user_495,job_search,2026-08-08 22:25:42.611054,192307.0,direct
user_927,application_started,2026-08-13 01:25:42.611054,91779.0,direct
user_17,application_submitted,2026-08-27 04:25:42.611054,78309.0,referral
user_492,page_view,2026-08-19 02:25:42.611054,195110.0,google
user_52,job_search,2026-08-04 21:25:42.611054,94719.0,referral
user_996,application_submitted,2026-08-01 19:25:42.611054,89648.0,linkedin
user_738,page_view,2026-08-07 07:25:42.611054,42336.0,direct
user_991,application_started,2026-08-10 16:25:42.611054,54213.0,linkedin
user_667,page_view,2026-08-08 15:25:42.611054,,direct
user_555,job_search,2026-08-20 19:25:42.611054,56794.0,referral
user_145,application_submitted,2026-08-03 22:25:42.611054,63223.0,google
user_672,application_submitted,2026-08-11 11:25:42.611054,130535.0,direct
user_259,application_started,2026-08-26 07:25:42.611054,47750.0,linkedin
user_126,job_search,2026-08-07 01:25:42.611054,,google
user_337,application_started,2026-08-09 16:25:42.611054,120508.0,direct
user_62,application_submitted,2026-08-28 02:25:42.611054,106867.0,direct
user_553,application_started,2026-08-09 08:25:42.611054,,linkedin
user_973,application_started,2026-08-22 14:25:42.611054,169896.0,referral
user_675,application_submitted,2026-08-03 02:25:42.611054,116160.0,google
user_770,job_search,2026-08-24 02:25:42.611054,165066.0,google
user_930,application_started,2026-08-20 04:25:42.611054,133285.0,referral
user_520,application_submitted,2026-08-16 03:25:42.611054,196570.0,linkedin
user_278,page_view,2026-08-27 03:25:42.611054,110596.0,linkedin
user_394,application_submitted,2026-08-26 11:25:42.611054,86068.0,linkedin
user_277,job_search,2026-08-30 16:25:42.611054,189809.0,linkedin
user_244,page_view,2026-08-18 19:25:42.611054,51894.0,linkedin
user_261,application_submitted,2026-08-06 03:25:42.611054,89916.0,google
user_169,page_view,2026-08-02 01:25:42.611054,49416.0,google
user_48,page_view,2026-08-07 13:25:42.611054,163395.0,direct
user_488,application_started,2026-08-07 01:25:42.611054,123859.0,linkedin
user_255,application_started,2026-08-14 05:25:42.611054,45154.0,direct
user_270,application_submitted,2026-08-25 01:25:42.611054,108386.0,google
user_962,application_started,2026-08-21 19:25:42.611054,122124.0,direct
user_446,job_search,2026-08-21 18:25:42.611054,174537.0,google
user_969,page_view,2026-08-26 09:25:42.611054,119354.0,linkedin
user_627,job_search,2026-08-08 10:25:42.611054,66878.0,linkedin
user_906,job_search,2026-08-23 10:25:42.611054,148347.0,direct
user_623,application_submitted,2026-08-28 14:25:42.611054,48225.0,direct
user_377,job_search,2026-08-06 13:25:42.611054,111755.0,direct
user_402,page_view,2026-08-30 23:25:42.611054,40639.0,direct
user_282,application_started,2026-08-23 21:25:42.611054,79733.0,linkedin
user_307,job_search,2026-08-21 10:25:42.611054,178836.0,direct
user_297,job_search,2026-08-31 20:25:42.611054,119594.0,google
user_439,page_view,2026-08-20 13:25:42.611054,114901.0,referral
user_668,job_search,2026-08-16 21:25:42.611054,51555.0,referral
user_378,application_started,2026-08-30 12:25:42.611054,69875.0,linkedin
user_752,application_submitted,2026-08-09 19:25:42.611054,130097.0,google
user_88,page_view,2026-08-31 01:25:42.611054,186668.0,direct
user_804,application_started,2026-09-01 09:25:42.611054,144397.0,linkedin
user_896,page_view,2026-08-24 23:25:42.611054,54958.0,linkedin
user_359,job_search,2026-08-24 16:25:42.611054,95882.0,direct
user_374,page_view,2026-08-15 23:25:42.611054,42452.0,direct
user_103,application_submitted,2026-08-16 10:25:42.611054,194838.0,google
user_440,job_search,2026-08-25 02:25:42.611054,148011.0,google
user_148,application_started,2026-08-26 19:25:42.611054,53607.0,referral
user_789,application_submitted,2026-08-27 02:25:42.611054,90615.0,referral
user_349,application_started,2026-08-20 03:25:42.611054,163895.0,referral
user_326,application_started,2026-08-25 20:25:42.611054,147377.0,google
user_217,page_view,2026-08-26 01:25:42.611054,103974.0,google
user_814,application_started,2026-08-23 08:25:42.611054,194890.0,direct
user_605,job_search,2026-08-01 18:25:42.611054,115195.0,google
user_47,job_search,2026-09-01 09:25:42.611054,107948.0,direct
user_700,application_submitted,2026-08-11 06:25:42.611054,,google
user_747,job_search,2026-08-25 10:25:42.611054,106819.0,direct
user_787,page_view,2026-08-29 16:25:42.611054,53577.0,google
user_490,page_view,2026-08-25 13:25:42.611054,194544.0,referral
user_258,page_view,2026-08-07 19:25:42.611054,48057.0,google
user_590,page_view,2026-08-25 09:25:42.611054,75050.0,referral
user_52,application_started,2026-08-12 21:25:42.611054,198154.0,direct
user_255,job_search,2026-08-09 20:25:42.611054,,referral
user_884,application_submitted,2026-08-02 04:25:42.611054,148278.0,direct
user_177,application_started,2026-08-07 13:25:42.611054,119519.0,referral
user_572,application_submitted,2026-08-26 19:25:42.611054,159610.0,google
user_246,page_view,2026-08-09 07:25:42.611054,145870.0,referral
user_151,page_view,2026-08-24 18:25:42.611054,188575.0,linkedin
user_268,application_started,2026-08-20 21:25:42.611054,98998.0,direct
user_716,job_search,2026-08-19 07:25:42.611054,42978.0,linkedin
user_778,page_view,2026-08-24 12:25:42.611054,48439.0,linkedin
user_35,application_submitted,2026-08-23 20:25:42.611054,67051.0,referral
user_327,page_view,2026-08-27 16:25:42.611054,96765.0,referral
user_176,job_search,2026-08-03 03:25:42.611054,104382.0,linkedin
user_837,page_view,2026-08-07 00:25:42.611054,130745.0,referral
user_244,page_view,2026-08-09 23:25:42.611054,,linkedin
user_416,application_submitted,2026-08-16 08:25:42.611054,161397.0,google
user_626,application_started,2026-08-13 06:25:42.611054,118865.0,direct
user_38,application_submitted,2026-08-11 12:25:42.611054,,referral
user_8,application_submitted,2026-08-07 01:25:42.611054,41612.0,referral
user_882,page_view,2026-08-03 04:25:42.611054,,direct
user_797,job_search,2026-08-06 22:25:42.611054,139292.0,direct
user_826,page_view,2026-08-06 09:25:42.611054,65652.0,direct
user_992,application_started,2026-08-03 12:25:42.611054,112055.0,linkedin
user_646,page_view,2026-08-20 05:25:42.611054,130256.0,google
user_808,application_started,2026-08-10 06:25:42.611054,68630.0,referral
user_959,page_view,2026-08-02 19:25:42.611054,66047.0,google
user_686,application_submitted,2026-08-03 16:25:42.611054,134436.0,linkedin
user_517,job_search,2026-08-07 19:25:42.611054,193832.0,direct
user_579,application_submitted,2026-08-05 08:25:42.611054,,linkedin
user_614,job_search,2026-08-27 22:25:42.611054,84194.0,direct
user_719,application_started,2026-08-30 10:25:42.611054,88257.0,google
user_276,application_started,2026-08-04 08:25:42.611054,180863.0,google
user_253,application_submitted,2026-08-26 12:25:42.611054,52104.0,direct
user_169,page_view,2026-08-16 13:25:42.611054,102596.0,referral
user_494,page_view,2026-08-30 15:25:42.611054,70347.0,referral
user_104,application_started,2026-08-11 07:25:42.611054,,google
user_91,application_submitted,2026-08-14 18:25:42.612053,52614.0,linkedin
user_218,application_started,2026-08-08 01:25:42.612053,79745.0,linkedin
user_790,page_view,2026-08-22 14:25:42.612053,,referral
user_337,job_search,2026-08-02 10:25:42.612053,68691.0,google
user_864,application_submitted,2026-08-07 09:25:42.612053,51930.0,direct
user_658,job_search,2026-08-22 12:25:42.612053,192969.0,direct
user_169,job_search,2026-08-04 02:25:42.612053,94424.0,direct
user_53,job_search,2026-08-23 13:25:42.612053,85625.0,referral
user_590,application_submitted,2026-08-25 16:25:42.612053,71890.0,linkedin
user_129,job_search,2026-08-27 00:25:42.612053,133897.0,google
user_606,application_started,2026-08-28 00:25:42.612053,112140.0,google
user_715,job_search,2026-08-07 22:25:42.612053,48389.0,linkedin
user_866,page_view,2026-08-20 14:25:42.612053,77068.0,direct
user_885,application_started,2026-08-08 04:25:42.612053,,google
user_383,page_view,2026-08-04 16:25:42.612053,126230.0,google
user_335,application_submitted,2026-08-15 12:25:42.612053,82666.0,referral
user_911,application_started,2026-08-23 12:25:42.612053,128518.0,google
user_438,application_submitted,2026-08-23 11:25:42.612053,155008.0,referral
user_292,job_search,2026-08-24 18:25:42.612053,47978.0,google
user_481,application_started,2026-08-02 09:25:42.612053,194748.0,google
user_910,page_view,2026-08-29 06:25:42.612053,108531.0,google
user_692,job_search,2026-08-18 07:25:42.612053,90574.0,direct
user_375,page_view,2026-08-03 08:25:42.612053,95769.0,referral
user_560,page_view,2026-08-24 01:25:42.612053,60784.0,google
user_630,application_started,2026-08-06 00:25:42.612053,166307.0,linkedin
user_495,page_view,2026-08-04 17:25:42.612053,131558.0,google
user_528,job_search,2026-08-04 08:25:42.612053,192752.0,referral
user_451,application_submitted,2026-08-04 06:25:42.612053,183435.0,google
user_672,job_search,2026-08-03 17:25:42.612053,119288.0,referral
user_803,application_started,2026-08-27 20:25:42.612053,,google
user_492,application_started,2026-08-07 15:25:42.612053,,linkedin
user_277,application_submitted,2026-08-28 11:25:42.612053,40151.0,referral
user_151,job_search,2026-08-24 02:25:42.612053,193133.0,linkedin
user_815,application_submitted,2026-08-25 00:25:42.612053,134516.0,referral
user_785,job_search,2026-08-12 09:25:42.612053,195590.0,google
user_991,application_submitted,2026-08-26 07:25:42.612053,170794.0,direct
user_577,application_submitted,2026-08-19 11:25:42.612053,118865.0,google
user_787,job_search,2026-08-24 06:25:42.612053,,google
user_97,job_search,2026-08-13 16:25:42.612053,163544.0,direct
user_913,page_view,2026-08-23 11:25:42.612053,197676.0,direct
user_976,page_view,2026-08-27 20:25:42.612053,70115.0,linkedin
user_150,page_view,2026-08-13 14:25:42.612053,127943.0,linkedin
user_514,application_started,2026-09-01 07:25:42.612053,73041.0,google
user_112,job_search,2026-08-21 10:25:42.612053,110514.0,direct
user_416,application_started,2026-08-10 07:25:42.612053,109461.0,google
user_197,application_submitted,2026-08-06 11:25:42.612053,,direct
user_845,page_view,2026-09-01 03:25:42.612053,151447.0,linkedin
user_650,application_submitted,2026-08-02 07:25:42.612053,72284.0,referral
user_576,application_submitted,2026-08-21 18:25:42.612053,196614.0,direct
user_420,page_view,2026-08-29 07:25:42.612053,46527.0,referral
user_627,page_view,2026-08-27 04:25:42.612053,122792.0,linkedin
user_467,application_started,2026-08-28 13:25:42.612053,46712.0,google
user_895,application_started,2026-08-20 23:25:42.612053,91599.0,referral
user_39,application_started,2026-08-22 09:25:42.612053,187055.0,google
user_63,job_search,2026-08-17 02:25:42.612053,108903.0,google
user_667,page_view,2026-08-15 14:25:42.612053,152950.0,referral
user_874,application_started,2026-08-26 18:25:42.612053,79870.0,direct
user_23,application_started,2026-08-13 11:25:42.612053,168668.0,direct
user_486,application_submitted,2026-08-14 04:25:42.612053,88755.0,referral
user_126,page_view,2026-08-31 15:25:42.612053,75419.0,linkedin
user_320,application_started,2026-08-10 13:25:42.612053,,direct
user_762,page_view,2026-08-16 10:25:42.612053,71380.0,linkedin
user_636,application_started,2026-08-31 21:25:42.612053,153429.0,google
user_667,job_search,2026-08-23 04:25:42.612053,142337.0,google
user_715,page_view,2026-08-20 14:25:42.612053,190366.0,referral
user_496,page_view,2026-08-30 01:25:42.612053,182023.0,direct
user_270,application_submitted,2026-08-25 10:25:42.612053,113155.0,referral
user_108,page_view,2026-08-24 19:25:42.612053,192687.0,google
user_217,application_started,2026-08-07 21:25:42.612053,67531.0,direct
user_236,job_search,2026-08-05 17:25:42.612053,83260.0,direct
user_437,job_search,2026-08-11 08:25:42.612053,138964.0,referral
user_12,page_view,2026-08-26 17:25:42.612053,95565.0,referral
user_898,page_view,2026-08-23 23:25:42.612053,,direct
user_701,application_started,2026-08-02 19:25:42.612053,179148.0,direct
user_330,page_view,2026-08-18 15:25:42.612053,73722.0,referral
user_640,job_search,2026-08-14 05:25:42.612053,91172.0,google
user_478,page_view,2026-08-12 22:25:42.612053,,direct
user_344,job_search,2026-08-15 14:25:42.612053,53750.0,google
user_187,application_submitted,2026-08-08 17:25:42.612053,95986.0,referral
user_606,application_submitted,2026-08-30 00:25:42.612053,95203.0,direct
user_995,job_search,2026-08-31 09:25:42.612053,62187.0,google
user_281,application_submitted,2026-08-28 00:25:42.612053,,google
user_130,application_started,2026-08-21 04:25:42.612053,161206.0,google
user_350,job_search,2026-08-06 18:25:42.612053,182249.0,google
user_633,job_search,2026-08-06 18:25:42.612053,106371.0,direct
user_207,application_submitted,2026-08-03 08:25:42.612053,43267.0,direct
user_491,application_submitted,2026-08-30 06:25:42.612053,111840.0,referral
user_941,application_started,2026-08-25 23:25:42.612053,105108.0,direct
user_36,job_search,2026-08-08 23:25:42.612053,60244.0,google
user_438,page_view,2026-08-18 23:25:42.612053,147352.0,direct
user_304,page_view,2026-08-01 17:25:42.612053,,google
user_482,page_view,2026-08-23 22:25:42.612053,131852.0,referral
user_599,application_started,2026-08-20 10:25:42.612053,163762.0,direct
user_707,job_search,2026-08-26 18:25:42.612053,120267.0,google
user_957,application_submitted,2026-08-12 19:25:42.612053,61980.0,referral
user_402,job_search,2026-08-30 07:25:42.612053,110425.0,direct
user_408,job_search,2026-08-09 06:25:42.612053,47444.0,referral
user_646,job_search,2026-08-10 18:25:42.612053,127110.0,direct
user_479,application_submitted,2026-08-02 12:25:42.612053,175824.0,google
user_623,job_search,2026-08-02 06:25:42.612053,69146.0,linkedin
user_490,application_started,2026-08-27 06:25:42.612053,147386.0,linkedin
user_880,page_view,2026-08-02 20:25:42.612053,151883.0,direct
user_440,application_started,2026-08-11 23:25:42.612053,40452.0,google
user_329,application_started,2026-09-01 06:25:42.612053,,linkedin
user_891,page_view,2026-08-10 12:25:42.612053,113929.0,direct
user_5,page_view,2026-08-20 07:25:42.612053,127639.0,referral
user_496,job_search,2026-08-16 09:25:42.612053,158587.0,direct
user_804,job_search,2026-08-04 09:25:42.612053,112091.0,linkedin
user_16,job_search,2026-08-26 23:25:42.612053,151732.0,referral
user_399,job_search,2026-08-21 04:25:42.612053,170763.0,referral
user_647,application_submitted,2026-08-02 11:25:42.612053,181387.0,referral
user_683,application_submitted,2026-08-19 10:25:42.612053,159217.0,referral
user_111,job_search,2026-08-14 18:25:42.612053,86861.0,linkedin
user_53,application_started,2026-08-19 21:25:42.612053,49961.0,direct
user_995,application_submitted,2026-08-11 03:25:42.612053,197199.0,direct
user_771,page_view,2026-08-26 03:25:42.612053,74563.0,linkedin
user_622,application_started,2026-08-20 11:25:42.612053,112869.0,referral
user_701,page_view,2026-08-19 16:25:42.612053,90909.0,direct
user_46,application_submitted,2026-08-16 07:25:42.612053,,referral
user_958,page_view,2026-08-08 23:25:42.612053,,google
user_843,job_search,2026-08-23 05:25:42.612053,65025.0,direct
user_276,job_search,2026-08-20 03:25:42.612053,108872.0,google
user_114,job_search,2026-08-26 12:25:42.612053,83876.0,direct
user_452,application_started,2026-08-23 18:25:42.612053,101400.0,referral
user_572,job_search,2026-08-28 01:25:42.612053,92088.0,direct
user_793,page_view,2026-08-10 09:25:42.612053,127540.0,google
user_293,application_submitted,2026-08-05 05:25:42.612053,,direct
user_290,application_started,2026-08-22 23:25:42.612053,46800.0,google
user_255,page_view,2026-08-20 02:25:42.612053,190805.0,linkedin
user_663,job_search,2026-08-02 13:25:42.612053,166462.0,google
user_879,application_started,2026-08-25 09:25:42.612053,178725.0,referral
user_758,page_view,2026-08-04 18:25:42.612053,125505.0,linkedin
user_771,application_started,2026-08-09 16:25:42.612053,137957.0,referral
user_618,page_view,2026-08-29 05:25:42.612053,166395.0,direct
user_263,job_search,2026-08-17 05:25:42.612053,164956.0,linkedin
user_308,application_submitted,2026-08-06 10:25:42.612053,72733.0,linkedin
user_153,job_search,2026-08-13 02:25:42.612053,190046.0,linkedin
user_198,application_started,2026-08-19 12:25:42.612053,192731.0,direct
user_658,application_submitted,2026-08-26 07:25:42.612053,88834.0,google
user_833,application_submitted,2026-08-31 00:25:42.612053,98318.0,direct
user_335,application_started,2026-08-09 06:25:42.612053,63201.0,direct
user_230,page_view,2026-08-26 19:25:42.612053,41292.0,referral
user_197,job_search,2026-08-27 19:25:42.612053,108742.0,direct
user_156,application_submitted,2026-08-17 04:25:42.612053,89500.0,linkedin
user_942,job_search,2026-08-18 08:25:42.612053,176819.0,google
user_982,application_started,2026-08-04 09:25:42.612053,141257.0,google
user_738,application_started,2026-08-07 03:25:42.612053,190380.0,linkedin
user_691,application_submitted,2026-09-01 11:25:42.612053,61458.0,google
user_69,job_search,2026-08-17 18:25:42.612053,120389.0,linkedin
user_504,application_submitted,2026-08-28 11:25:42.612053,83725.0,referral
user_227,page_view,2026-08-27 05:25:42.612053,91414.0,direct
user_174,application_submitted,2026-08-08 16:25:42.612053,137707.0,google
user_692,application_started,2026-08-30 11:25:42.612053,118526.0,direct
user_985,job_search,2026-08-16 15:25:42.612053,182648.0,linkedin
user_884,job_search,2026-08-10 22:25:42.612053,,linkedin
user_435,application_submitted,2026-08-15 08:25:42.612053,79381.0,direct
user_265,page_view,2026-08-12 12:25:42.612053,60286.0,linkedin
user_505,page_view,2026-08-22 15:25:42.612053,97903.0,referral
user_552,application_submitted,2026-08-18 22:25:42.612053,155059.0,referral
user_823,application_started,2026-08-03 16:25:42.612053,196999.0,direct
user_992,application_submitted,2026-08-20 17:25:42.612053,,linkedin
user_595,page_view,2026-08-07 11:25:42.612053,155127.0,direct
user_478,job_search,2026-08-07 14:25:42.612053,195189.0,google
user_840,application_submitted,2026-08-04 07:25:42.612053,110485.0,google
user_832,page_view,2026-08-16 03:25:42.612053,166817.0,google
user_852,job_search,2026-08-23 12:25:42.612053,163109.0,linkedin
user_523,job_search,2026-08-12 21:25:42.612053,99780.0,linkedin
user_554,page_view,2026-08-11 00:25:42.612053,90979.0,direct
user_806,application_started,2026-08-03 21:25:42.612053,134820.0,referral
user_770,application_submitted,2026-08-26 03:25:42.612053,136684.0,referral
user_116,application_submitted,2026-08-10 19:25:42.612053,118215.0,google
user_680,job_search,2026-08-30 00:25:42.612053,131698.0,direct
user_914,application_submitted,2026-08-09 06:25:42.612053,193131.0,referral
user_833,application_started,2026-08-23 23:25:42.612053,190206.0,linkedin
user_236,application_submitted,2026-08-20 05:25:42.612053,59431.0,google
user_727,page_view,2026-08-24 14:25:42.612053,132591.0,direct
user_774,application_started,2026-08-04 00:25:42.612053,,direct
user_254,job_search,2026-08-16 06:25:42.612053,106998.0,linkedin
user_205,page_view,2026-08-04 15:25:42.612053,176313.0,referral
user_619,job_search,2026-08-08 14:25:42.612053,140791.0,google
user_496,application_submitted,2026-08-22 05:25:42.612053,143442.0,google
user_742,application_started,2026-08-07 10:25:42.612053,,google
user_550,application_started,2026-08-03 21:25:42.612053,185461.0,linkedin
user_760,page_view,2026-08-27 13:25:42.612053,102869.0,linkedin
user_62,application_submitted,2026-08-17 22:25:42.612053,,linkedin
user_315,job_search,2026-08-17 22:25:42.612053,56420.0,referral
user_806,job_search,2026-08-15 02:25:42.612053,,google
user_266,job_search,2026-08-03 09:25:42.612053,116204.0,referral
user_766,page_view,2026-08-04 06:25:42.612053,181971.0,google
user_124,application_submitted,2026-08-01 16:25:42.612053,,direct
user_6,application_submitted,2026-08-12 17:25:42.612053,53284.0,google
user_928,application_started,2026-08-09 11:25:42.612053,,linkedin
user_681,page_view,2026-08-06 16:25:42.612053,192717.0,google
user_471,job_search,2026-08-24 15:25:42.612053,51700.0,linkedin
user_307,job_search,2026-08-04 07:25:42.612053,40513.0,direct
user_24,page_view,2026-09-01 03:25:42.612053,,direct
user_661,page_view,2026-08-18 22:25:42.612053,75783.0,referral
user_506,job_search,2026-08-14 04:25:42.612053,45809.0,direct
user_90,application_started,2026-08-01 19:25:42.612053,184252.0,referral
user_776,application_started,2026-08-04 22:25:42.612053,88527.0,google
user_823,application_started,2026-08-30 01:25:42.612053,99568.0,google
user_423,application_submitted,2026-08-20 15:25:42.612053,161024.0,direct
user_70,page_view,2026-08-31 14:25:42.612053,103844.0,referral
user_97,page_view,2026-08-24 09:25:42.612053,,referral
user_176,job_search,2026-08-25 08:25:42.612053,114865.0,direct
user_540,job_search,2026-08-09 20:25:42.612053,150269.0,linkedin
user_103,application_started,2026-08-31 13:25:42.612053,,referral
user_58,application_submitted,2026-08-26 02:25:42.612053,119223.0,referral
user_945,page_view,2026-08-19 03:25:42.612053,153569.0,google
user_931,application_submitted,2026-08-15 23:25:42.612053,150900.0,referral
user_617,job_search,2026-08-09 08:25:42.612053,189148.0,linkedin
user_440,application_started,2026-08-09 02:25:42.612053,107943.0,direct
user_260,job_search,2026-08-07 10:25:42.612053,117440.0,linkedin
user_843,application_started,2026-08-01 16:25:42.612053,140083.0,linkedin
user_32,job_search,2026-08-21 00:25:42.612053,,linkedin
user_783,page_view,2026-08-29 06:25:42.612053,149727.0,linkedin
user_858,page_view,2026-08-03 22:25:42.612053,53898.0,google
user_723,job_search,2026-08-20 07:25:42.612053,182551.0,referral
user_869,page_view,2026-08-12 03:25:42.612053,118745.0,linkedin
user_414,application_started,2026-08-27 05:25:42.612053,,google
user_24,page_view,2026-08-07 12:25:42.612053,155617.0,linkedin
user_204,application_started,2026-08-17 16:25:42.612053,195764.0,google
user_436,job_search,2026-08-16 05:25:42.612053,,google
user_452,application_submitted,2026-08-02 05:25:42.612053,93486.0,google
user_76,job_search,2026-08-28 13:25:42.612053,79238.0,google
user_735,application_started,2026-08-06 12:25:42.612053,46365.0,direct
user_455,job_search,2026-08-27 09:25:42.612053,104035.0,referral
user_681,job_search,2026-08-30 16:25:42.612053,95943.0,referral
user_5,page_view,2026-08-09 01:25:42.612053,168809.0,google
user_208,application_started,2026-08-09 21:25:42.612053,102859.0,google
user_859,page_view,2026-08-22 14:25:42.612053,,referral
user_103,page_view,2026-08-31 15:25:42.612053,,linkedin
user_284,job_search,2026-08-06 12:25:42.612053,,direct
user_365,page_view,2026-08-15 04:25:42.612053,93890.0,direct
user_160,job_search,2026-08-31 04:25:42.612053,124203.0,referral
user_999,application_started,2026-08-07 12:25:42.612053,175101.0,linkedin
user_153,job_search,2026-08-24 22:25:42.612053,170342.0,referral
user_189,page_view,2026-08-01 19:25:42.612053,185696.0,google
user_476,application_started,2026-08-26 03:25:42.612053,139002.0,direct
user_742,page_view,2026-08-12 17:25:42.612053,45614.0,linkedin
user_447,application_started,2026-08-16 06:25:42.612053,67785.0,google
user_24,application_started,2026-08-13 11:25:42.612053,97661.0,linkedin
user_561,page_view,2026-08-11 03:25:42.612053,131760.0,referral
user_940,application_started,2026-08-24 07:25:42.612053,86594.0,google
user_868,job_search,2026-08-06 10:25:42.612053,128288.0,google
user_751,job_search,2026-08-01 22:25:42.612053,143783.0,linkedin
user_822,page_view,2026-08-04 11:25:42.612053,152499.0,referral
user_598,page_view,2026-08-29 07:25:42.612053,95067.0,direct
user_790,page_view,2026-08-26 22:25:42.612053,150499.0,referral
user_79,application_submitted,2026-08-08 22:25:42.612053,150709.0,google
user_775,application_started,2026-08-29 06:25:42.612053,99838.0,direct
user_179,application_submitted,2026-08-09 00:25:42.612053,65801.0,referral
user_817,application_submitted,2026-08-22 19:25:42.612053,,linkedin
user_622,job_search,2026-08-10 06:25:42.612053,186286.0,linkedin
user_870,application_submitted,2026-08-11 17:25:42.612053,92714.0,google
user_152,application_started,2026-08-12 12:25:42.612053,86988.0,linkedin
user_388,application_submitted,2026-08-31 05:25:42.612053,164891.0,google
user_525,application_submitted,2026-08-04 18:25:42.612053,109460.0,linkedin
user_543,job_search,2026-08-29 12:25:42.612053,96947.0,referral
user_691,page_view,2026-08-28 02:25:42.612053,,direct
user_86,application_started,2026-08-08 18:25:42.612053,141039.0,linkedin
user_474,application_started,2026-08-15 08:25:42.612053,173754.0,direct
user_809,application_started,2026-08-11 10:25:42.612053,42969.0,linkedin
user_117,job_search,2026-08-02 11:25:42.612053,169302.0,linkedin
user_177,application_started,2026-08-17 06:25:42.612053,67475.0,linkedin
user_429,application_submitted,2026-08-10 16:25:42.612053,91036.0,direct
user_185,application_started,2026-08-07 12:25:42.612053,,google
user_373,application_submitted,2026-08-26 22:25:42.612053,61412.0,referral
user_313,application_submitted,2026-08-14 23:25:42.612053,,direct
user_731,page_view,2026-08-11 14:25:42.612053,88086.0,direct
user_161,application_submitted,2026-08-22 06:25:42.612053,80404.0,linkedin
user_458,page_view,2026-08-18 16:25:42.612053,103943.0,referral
user_481,job_search,2026-08-31 22:25:42.612053,158962.0,google
user_290,page_view,2026-08-25 12:25:42.612053,,google
user_927,application_started,2026-08-31 06:25:42.612053,111714.0,linkedin
user_541,application_submitted,2026-08-05 13:25:42.612053,157010.0,google
user_559,page_view,2026-08-23 11:25:42.612053,,referral
user_325,job_search,2026-08-21 14:25:42.612053,145160.0,referral
user_236,application_started,2026-08-16 09:25:42.612053,91458.0,direct
user_638,application_started,2026-08-21 10:25:42.612053,181085.0,referral
user_315,page_view,2026-08-14 22:25:42.612053,122536.0,google
user_991,page_view,2026-08-25 21:25:42.612053,59374.0,linkedin
user_649,job_search,2026-08-24 11:25:42.612053,131066.0,referral
user_332,job_search,2026-08-07 17:25:42.612053,,linkedin
user_423,job_search,2026-08-07 11:25:42.612053,128989.0,direct
user_730,page_view,2026-08-04 06:25:42.612053,190238.0,direct
user_12,page_view,2026-08-02 01:25:42.612053,93756.0,referral
user_559,job_search,2026-08-28 23:25:42.612053,68080.0,referral
user_113,application_started,2026-08-29 13:25:42.612053,40164.0,referral
user_103,page_view,2026-08-06 15:25:42.612053,181040.0,google
user_839,application_submitted,2026-08-12 01:25:42.612053,84401.0,direct
user_519,job_search,2026-08-04 06:25:42.612053,,referral
user_806,job_search,2026-08-04 06:25:42.612053,,google
user_367,page_view,2026-08-27 18:25:42.612053,174779.0,linkedin
user_572,page_view,2026-08-03 19:25:42.612053,183540.0,google
user_990,application_submitted,2026-08-15 11:25:42.612053,63272.0,google
user_933,job_search,2026-08-08 20:25:42.612053,,google
user_430,job_search,2026-08-12 10:25:42.612053,51479.0,google
user_694,application_submitted,2026-08-26 02:25:42.612053,163417.0,direct
user_475,application_submitted,2026-08-13 05:25:42.612053,76716.0,direct
user_566,application_submitted,2026-08-11 02:25:42.612053,174345.0,linkedin
user_445,application_started,2026-08-10 13:25:42.612053,85682.0,linkedin
user_606,application_submitted,2026-08-22 08:25:42.612053,87894.0,google
user_614,job_search,2026-08-30 09:25:42.612053,152597.0,google
user_149,application_submitted,2026-08-23 18:25:42.612053,181857.0,google
user_410,application_submitted,2026-08-11 19:25:42.612053,99138.0,linkedin
user_0,page_view,2026-08-30 17:25:42.612053,,direct
user_389,job_search,2026-08-18 17:25:42.612053,122316.0,direct
user_239,page_view,2026-08-06 09:25:42.612053,116437.0,google
user_354,application_started,2026-08-13 00:25:42.612053,148159.0,linkedin
user_26,page_view,2026-08-23 18:25:42.612053,65505.0,referral
user_18,job_search,2026-09-01 02:25:42.612053,136871.0,google
user_932,application_started,2026-08-25 08:25:42.612053,152421.0,google
user_110,page_view,2026-08-15 11:25:42.612053,,referral
user_40,job_search,2026-08-16 07:25:42.612053,150790.0,referral
user_717,application_submitted,2026-08-26 17:25:42.612053,182653.0,linkedin
user_71,application_started,2026-08-16 05:25:42.612053,91629.0,direct
user_394,job_search,2026-08-07 16:25:42.612053,122875.0,linkedin
user_660,page_view,2026-08-23 13:25:42.612053,182175.0,referral
user_706,application_started,2026-08-19 07:25:42.612053,152676.0,google
user_586,application_started,2026-08-24 14:25:42.612053,134192.0,referral
user_43,page_view,2026-08-24 11:25:42.612053,184959.0,referral
user_100,job_search,2026-08-30 06:25:42.612053,149426.0,linkedin
user_302,page_view,2026-08-08 14:25:42.612053,,linkedin
user_189,job_search,2026-08-16 23:25:42.612053,175695.0,google
user_372,job_search,2026-08-27 15:25:42.612053,,direct
user_219,application_submitted,2026-08-07 21:25:42.612053,190190.0,google
user_42,application_started,2026-08-23 16:25:42.612053,146182.0,referral
user_341,job_search,2026-08-02 09:25:42.613051,186990.0,referral
user_612,job_search,2026-08-09 01:25:42.613051,85347.0,google
user_18,page_view,2026-08-03 14:25:42.613051,164940.0,referral
user_801,application_started,2026-08-01 17:25:42.613051,152413.0,linkedin
user_651,page_view,2026-08-25 22:25:42.613051,96948.0,linkedin
user_870,application_started,2026-08-21 07:25:42.613051,96754.0,google
user_342,application_submitted,2026-08-27 17:25:42.613051,137637.0,direct
user_808,application_submitted,2026-08-25 16:25:42.613051,156890.0,referral
user_440,application_submitted,2026-08-03 17:25:42.613051,145178.0,google
user_509,application_started,2026-08-30 04:25:42.613051,157952.0,linkedin
user_976,application_submitted,2026-08-09 17:25:42.613051,53927.0,referral
user_363,page_view,2026-08-06 12:25:42.613051,167782.0,referral
user_143,page_view,2026-08-02 03:25:42.613051,160063.0,linkedin
user_714,application_started,2026-08-18 04:25:42.613051,125932.0,google
user_347,job_search,2026-08-15 16:25:42.613051,86411.0,linkedin
user_838,job_search,2026-08-27 04:25:42.613051,102627.0,referral
user_646,application_submitted,2026-08-11 20:25:42.613051,68249.0,referral
user_431,application_started,2026-08-25 00:25:42.613051,,google
user_426,application_submitted,2026-08-27 16:25:42.613051,148696.0,direct
user_207,application_started,2026-08-08 23:25:42.613051,41213.0,google
user_148,application_started,2026-09-01 06:25:42.613051,50142.0,referral
user_349,application_submitted,2026-08-12 13:25:42.613051,43628.0,google
user_643,application_started,2026-08-14 23:25:42.613051,196936.0,direct
user_864,application_submitted,2026-08-02 13:25:42.613051,98724.0,direct
user_942,application_submitted,2026-08-28 23:25:42.613051,110914.0,direct
user_710,page_view,2026-08-10 21:25:42.613051,129349.0,direct
user_388,job_search,2026-08-20 10:25:42.613051,91429.0,direct
user_826,application_submitted,2026-08-29 22:25:42.613051,104667.0,google
user_767,application_started,2026-08-31 13:25:42.613051,196534.0,google
user_571,application_submitted,2026-08-17 21:25:42.613051,153892.0,referral
user_261,application_submitted,2026-08-22 00:25:42.613051,98710.0,linkedin
user_663,job_search,2026-08-14 10:25:42.613051,85294.0,linkedin
user_791,page_view,2026-08-23 07:25:42.613051,152178.0,direct
user_926,application_submitted,2026-08-24 09:25:42.613051,79812.0,linkedin
user_186,application_submitted,2026-08-07 10:25:42.613051,133032.0,google
user_470,page_view,2026-08-15 10:25:42.613051,53138.0,google
user_911,page_view,2026-08-04 22:25:42.613051,90714.0,google
user_410,job_search,2026-08-08 07:25:42.613051,127372.0,direct
user_606,page_view,2026-08-23 02:25:42.613051,113245.0,referral
user_535,application_started,2026-08-27 22:25:42.613051,,referral
user_897,application_started,2026-08-29 09:25:42.613051,174160.0,linkedin
user_674,application_submitted,2026-08-12 05:25:42.613051,52112.0,referral
user_902,application_started,2026-08-06 20:25:42.613051,166788.0,linkedin
user_386,page_view,2026-08-05 19:25:42.613051,109553.0,direct
user_192,application_started,2026-08-17 23:25:42.613051,164494.0,direct
user_568,application_started,2026-08-02 15:25:42.613051,92182.0,linkedin
user_837,application_started,2026-08-15 21:25:42.613051,160041.0,referral
user_957,application_submitted,2026-09-01 02:25:42.613051,,direct
user_497,application_submitted,2026-08-07 11:25:42.613051,134200.0,referral
user_410,job_search,2026-08-17 17:25:42.613051,63960.0,referral
user_944,page_view,2026-08-12 15:25:42.613051,138648.0,linkedin
user_944,application_submitted,2026-08-14 00:25:42.613051,111222.0,google
user_753,application_submitted,2026-08-13 13:25:42.613051,82212.0,referral
user_151,job_search,2026-08-22 18:25:42.613051,62982.0,referral
user_100,application_submitted,2026-08-12 11:25:42.613051,74848.0,google
user_963,application_started,2026-08-16 07:25:42.613051,,google
user_981,job_search,2026-08-22 20:25:42.613051,192832.0,google
user_665,application_started,2026-08-02 01:25:42.613051,92810.0,referral
user_710,application_submitted,2026-08-26 05:25:42.613051,163144.0,referral
user_778,page_view,2026-08-21 00:25:42.613051,,referral
user_100,application_started,2026-08-04 09:25:42.613051,122103.0,direct
user_249,page_view,2026-08-06 00:25:42.613051,96462.0,google
user_735,job_search,2026-08-27 02:25:42.613051,102579.0,direct
user_789,page_view,2026-08-20 18:25:42.613051,135421.0,google
user_220,job_search,2026-08-19 19:25:42.613051,42428.0,referral
user_542,application_submitted,2026-08-30 06:25:42.613051,131545.0,direct
user_256,application_started,2026-08-18 00:25:42.613051,173384.0,google
user_146,page_view,2026-08-11 09:25:42.613051,161502.0,direct
user_267,job_search,2026-08-25 12:25:42.613051,79637.0,direct
user_328,page_view,2026-08-25 08:25:42.613051,70259.0,direct
user_324,job_search,2026-08-16 22:25:42.613051,144286.0,direct
user_618,application_submitted,2026-08-29 17:25:42.613051,151100.0,linkedin
user_682,application_submitted,2026-08-16 09:25:42.613051,194637.0,linkedin
user_58,page_view,2026-08-09 14:25:42.613051,107461.0,direct
user_704,page_view,2026-08-11 21:25:42.613051,114944.0,linkedin
user_555,page_view,2026-08-19 15:25:42.613051,121686.0,referral
user_10,application_started,2026-08-14 14:25:42.613051,,google
user_425,page_view,2026-08-17 02:25:42.613051,81926.0,google
user_183,page_view,2026-08-28 10:25:42.613051,61742.0,google
user_601,application_started,2026-08-11 08:25:42.613051,182216.0,direct
user_860,application_started,2026-08-30 19:25:42.613051,158974.0,linkedin
user_465,application_submitted,2026-08-07 04:25:42.613051,148414.0,linkedin
user_918,job_search,2026-08-13 14:25:42.613051,48236.0,linkedin
user_737,application_started,2026-08-20 19:25:42.613051,97791.0,referral
user_426,job_search,2026-08-21 09:25:42.613051,141186.0,google
user_47,job_search,2026-08-13 22:25:42.613051,90364.0,google
user_97,application_started,2026-08-15 13:25:42.613051,193257.0,linkedin
user_941,job_search,2026-08-03 09:25:42.613051,191750.0,google
user_227,application_submitted,2026-08-21 06:25:42.613051,183873.0,linkedin
user_708,job_search,2026-08-12 18:25:42.613051,194595.0,google
user_471,application_submitted,2026-08-17 00:25:42.613051,122426.0,google
user_548,job_search,2026-08-16 09:25:42.613051,41658.0,direct
user_648,job_search,2026-08-30 23:25:42.613051,72688.0,direct
user_616,application_submitted,2026-08-02 11:25:42.613051,197616.0,linkedin
user_256,job_search,2026-08-02 12:25:42.613051,,referral
user_844,job_search,2026-08-25 03:25:42.613051,130830.0,linkedin
user_700,application_submitted,2026-08-08 04:25:42.613051,89983.0,google
user_495,page_view,2026-08-11 04:25:42.613051,91789.0,google
user_702,application_submitted,2026-08-22 02:25:42.613051,99449.0,google
user_321,job_search,2026-08-08 03:25:42.613051,77724.0,google
user_854,job_search,2026-08-16 13:25:42.613051,74609.0,referral
user_571,application_started,2026-08-04 07:25:42.613051,189050.0,direct
user_509,job_search,2026-08-03 04:25:42.613051,62872.0,referral
user_475,application_started,2026-08-03 10:25:42.613051,,linkedin
user_375,page_view,2026-08-28 21:25:42.613051,144945.0,direct
user_151,job_search,2026-08-17 05:25:42.613051,145302.0,linkedin
user_88,page_view,2026-08-21 08:25:42.613051,112054.0,google
user_465,application_submitted,2026-08-15 02:25:42.613051,,referral
user_19,application_submitted,2026-08-27 13:25:42.613051,98679.0,linkedin
user_717,page_view,2026-08-10 12:25:42.613051,96769.0,google
user_382,application_submitted,2026-08-18 07:25:42.613051,61838.0,linkedin
user_809,application_submitted,2026-08-22 05:25:42.613051,154496.0,direct
user_894,job_search,2026-08-30 03:25:42.613051,198237.0,google
user_712,application_submitted,2026-08-21 18:25:42.613051,119195.0,linkedin
user_792,application_started,2026-08-20 21:25:42.613051,138261.0,referral
user_972,page_view,2026-08-26 11:25:42.613051,139023.0,referral
user_230,application_submitted,2026-08-22 15:25:42.613051,,referral
user_769,job_search,2026-08-23 16:25:42.613051,,direct
user_515,page_view,2026-08-02 00:25:42.613051,77937.0,linkedin
user_80,application_started,2026-08-09 14:25:42.613051,99282.0,google
user_673,application_started,2026-08-19 12:25:42.613051,45329.0,direct
user_318,page_view,2026-08-03 14:25:42.613051,47177.0,referral
user_124,application_started,2026-08-11 10:25:42.613051,199001.0,linkedin
user_659,job_search,2026-08-10 15:25:42.613051,84343.0,linkedin
user_607,job_search,2026-08-02 01:25:42.613051,97643.0,google
user_409,application_submitted,2026-08-14 02:25:42.613051,87986.0,google
user_980,application_started,2026-08-13 11:25:42.613051,141871.0,referral
user_385,application_started,2026-08-22 09:25:42.613051,106849.0,linkedin
user_534,page_view,2026-08-12 16:25:42.613051,128525.0,direct
user_119,application_started,2026-08-04 05:25:42.613051,168594.0,linkedin
user_870,application_submitted,2026-08-03 17:25:42.613051,92087.0,referral
user_844,job_search,2026-08-04 22:25:42.613051,,direct
user_768,application_submitted,2026-08-10 11:25:42.613051,,referral
user_696,application_submitted,2026-08-21 19:25:42.613051,109057.0,direct
user_120,application_started,2026-08-20 06:25:42.613051,74434.0,referral
user_771,page_view,2026-08-07 10:25:42.613051,52957.0,direct
user_490,page_view,2026-08-03 14:25:42.613051,96645.0,google
user_972,page_view,2026-08-31 16:25:42.613051,88437.0,linkedin
user_181,page_view,2026-08-11 05:25:42.613051,79849.0,referral
user_958,application_submitted,2026-08-28 01:25:42.613051,,direct
user_27,page_view,2026-08-04 11:25:42.613051,149219.0,google
user_112,job_search,2026-08-14 17:25:42.613051,171082.0,google
user_80,application_started,2026-08-30 12:25:42.613051,177383.0,referral
user_70,application_submitted,2026-08-26 18:25:42.613051,140302.0,direct
user_631,job_search,2026-08-06 07:25:42.613051,101208.0,referral
user_746,job_search,2026-08-04 07:25:42.613051,151380.0,direct
user_840,job_search,2026-08-09 21:25:42.613051,73358.0,direct
user_233,application_started,2026-08-11 18:25:42.613051,86617.0,linkedin
user_291,job_search,2026-08-26 02:25:42.613051,86864.0,linkedin
user_763,page_view,2026-08-22 08:25:42.613051,168149.0,referral
user_237,application_started,2026-08-17 02:25:42.613051,179343.0,google
user_234,application_started,2026-08-29 18:25:42.613051,157689.0,referral
user_554,application_started,2026-08-02 08:25:42.613051,70099.0,linkedin
user_512,application_started,2026-08-13 11:25:42.613051,184070.0,google
user_399,page_view,2026-08-22 02:25:42.613051,156716.0,direct
user_675,application_started,2026-08-20 18:25:42.613051,,google
user_998,application_submitted,2026-08-12 06:25:42.613051,121908.0,google
user_347,job_search,2026-08-02 13:25:42.613051,196723.0,google
user_967,page_view,2026-09-01 02:25:42.613051,155905.0,referral
user_916,application_submitted,2026-08-24 07:25:42.613051,,linkedin
user_541,job_search,2026-08-20 14:25:42.613051,180535.0,linkedin
user_301,page_view,2026-08-10 19:25:42.613051,140994.0,referral
user_782,application_started,2026-08-28 11:25:42.613051,147519.0,linkedin
user_122,application_submitted,2026-08-05 13:25:42.613051,64506.0,referral
user_384,job_search,2026-08-27 10:25:42.613051,53636.0,direct
user_549,page_view,2026-08-31 17:25:42.613051,133015.0,google
user_318,job_search,2026-08-17 09:25:42.613051,83337.0,direct
user_899,application_started,2026-08-24 17:25:42.613051,,referral
user_463,application_submitted,2026-08-27 14:25:42.613051,47095.0,linkedin
user_756,application_started,2026-08-21 00:25:42.613051,43336.0,direct
user_48,job_search,2026-08-05 16:25:42.613051,142553.0,google
user_373,application_submitted,2026-08-17 22:25:42.613051,42174.0,referral
user_969,page_view,2026-08-31 06:25:42.613051,175753.0,google
user_44,application_submitted,2026-08-27 12:25:42.613051,112327.0,direct
user_662,application_submitted,2026-08-11 13:25:42.613051,190489.0,linkedin
user_867,application_submitted,2026-08-15 01:25:42.613051,133271.0,referral
user_624,job_search,2026-08-16 10:25:42.613051,102773.0,referral
user_816,application_started,2026-08-07 21:25:42.613051,178034.0,google
user_186,application_started,2026-08-20 15:25:42.613051,161995.0,direct
user_754,page_view,2026-08-14 15:25:42.613051,163079.0,direct
user_970,application_started,2026-08-21 16:25:42.613051,97157.0,direct
user_15,job_search,2026-08-14 20:25:42.613051,134047.0,direct
user_641,application_started,2026-08-14 00:25:42.613051,189670.0,direct
user_672,job_search,2026-08-11 05:25:42.613051,101468.0,google
user_200,application_started,2026-09-01 09:25:42.613051,80887.0,linkedin
user_444,job_search,2026-08-27 11:25:42.613051,66136.0,direct
user_484,application_started,2026-08-29 14:25:42.613051,43505.0,referral
user_897,page_view,2026-08-13 11:25:42.613051,132459.0,linkedin
user_183,application_submitted,2026-08-21 23:25:42.613051,81373.0,direct
user_986,application_started,2026-08-21 01:25:42.613051,,direct
user_849,application_submitted,2026-08-30 20:25:42.613051,79028.0,referral
user_892,application_started,2026-08-10 04:25:42.613051,,linkedin
user_758,application_started,2026-08-26 23:25:42.613051,119803.0,direct
user_125,job_search,2026-08-25 23:25:42.613051,70944.0,google
user_651,application_started,2026-08-02 18:25:42.613051,190808.0,linkedin
user_688,page_view,2026-08-19 04:25:42.613051,55082.0,google
user_838,application_started,2026-08-02 05:25:42.613051,118325.0,google
user_939,job_search,2026-08-03 07:25:42.613051,111519.0,google
user_448,application_submitted,2026-08-31 02:25:42.613051,179356.0,google
user_504,application_started,2026-08-02 13:25:42.613051,162455.0,linkedin
user_843,application_submitted,2026-08-22 21:25:42.613051,118368.0,google
user_646,job_search,2026-08-01 20:25:42.613051,,google
user_468,application_submitted,2026-08-09 03:25:42.613051,89184.0,referral
user_749,job_search,2026-08-29 13:25:42.613051,198359.0,linkedin
user_269,job_search,2026-08-18 18:25:42.613051,88189.0,direct
user_502,application_started,2026-08-13 04:25:42.613051,85646.0,direct
user_183,application_started,2026-08-30 23:25:42.613051,,google
user_99,page_view,2026-08-25 23:25:42.613051,93991.0,referral
user_867,application_started,2026-08-17 16:25:42.613051,163207.0,linkedin
user_458,job_search,2026-08-20 15:25:42.613051,173088.0,referral
user_86,job_search,2026-08-14 02:25:42.613051,151603.0,referral
user_692,application_submitted,2026-08-19 09:25:42.613051,48079.0,linkedin
user_271,application_submitted,2026-08-30 04:25:42.613051,68532.0,direct
user_607,job_search,2026-08-19 09:25:42.613051,62161.0,linkedin
user_548,job_search,2026-08-13 21:25:42.613051,117941.0,referral
user_799,application_started,2026-08-03 05:25:42.613051,,direct
user_742,application_started,2026-08-02 21:25:42.613051,67002.0,referral
user_417,application_started,2026-08-15 09:25:42.613051,139168.0,google
user_803,page_view,2026-08-18 03:25:42.613051,144079.0,linkedin
user_441,job_search,2026-08-28 21:25:42.613051,,linkedin
user_678,job_search,2026-08-21 16:25:42.613051,139554.0,google
user_680,application_submitted,2026-08-26 08:25:42.613051,122538.0,google
user_258,job_search,2026-08-27 14:25:42.613051,177573.0,direct
user_474,application_started,2026-08-16 03:25:42.613051,86012.0,google
user_400,job_search,2026-08-27 03:25:42.613051,144633.0,google
user_428,application_submitted,2026-08-15 23:25:42.613051,43865.0,google
user_655,application_submitted,2026-08-10 02:25:42.613051,82191.0,referral
user_331,application_started,2026-08-20 22:25:42.613051,98157.0,direct
user_168,job_search,2026-08-10 00:25:42.613051,158385.0,google
user_880,application_submitted,2026-08-08 04:25:42.613051,106682.0,direct
user_280,page_view,2026-08-18 10:25:42.613051,46031.0,linkedin
user_526,page_view,2026-08-17 00:25:42.613051,55655.0,linkedin
user_51,job_search,2026-08-10 21:25:42.613051,195281.0,google
user_0,job_search,2026-08-10 01:25:42.613051,161227.0,direct
user_930,job_search,2026-08-28 23:25:42.613051,87204.0,linkedin
user_38,job_search,2026-08-23 21:25:42.613051,189876.0,google
user_713,page_view,2026-08-24 12:25:42.613051,,referral
user_115,job_search,2026-08-16 07:25:42.613051,165005.0,direct
user_596,application_started,2026-08-18 09:25:42.613051,170689.0,referral
user_735,application_submitted,2026-08-26 00:25:42.613051,55494.0,direct
user_922,application_started,2026-08-29 12:25:42.613051,164369.0,google
user_343,page_view,2026-08-20 07:25:42.613051,162259.0,linkedin
user_282,application_started,2026-08-12 05:25:42.613051,105768.0,linkedin
user_630,page_view,2026-08-24 10:25:42.613051,167326.0,direct
user_764,application_submitted,2026-08-16 20:25:42.613051,93441.0,linkedin
user_109,application_started,2026-08-02 16:25:42.613051,47555.0,google
user_823,job_search,2026-08-28 18:25:42.613051,141302.0,google
user_339,application_started,2026-08-23 22:25:42.613051,,direct
user_635,page_view,2026-08-11 05:25:42.613051,142355.0,direct
user_388,page_view,2026-08-15 02:25:42.613051,91987.0,direct
user_218,page_view,2026-08-08 07:25:42.613051,74899.0,google
user_309,application_submitted,2026-08-30 16:25:42.613051,104092.0,direct
user_750,application_started,2026-08-02 06:25:42.613051,107197.0,linkedin
user_75,job_search,2026-08-03 09:25:42.613051,,direct
user_366,application_started,2026-08-31 02:25:42.613051,,direct
user_918,page_view,2026-08-17 23:25:42.614070,122975.0,direct
user_559,application_submitted,2026-08-25 00:25:42.614070,,referral
user_434,application_submitted,2026-08-12 08:25:42.614070,61380.0,google
user_182,page_view,2026-08-22 02:25:42.614070,139090.0,direct
user_646,application_started,2026-08-09 04:25:42.614070,47731.0,referral
user_254,page_view,2026-08-30 11:25:42.614070,114313.0,referral
user_199,job_search,2026-08-04 15:25:42.614070,140403.0,referral
user_263,job_search,2026-08-04 10:25:42.614070,177966.0,referral
user_682,application_started,2026-08-28 09:25:42.614070,113769.0,linkedin
user_410,page_view,2026-08-19 06:25:42.614070,67514.0,direct
user_917,application_started,2026-08-26 04:25:42.614070,192085.0,direct
user_952,page_view,2026-08-21 07:25:42.614070,96953.0,google
user_17,page_view,2026-08-17 07:25:42.614070,,linkedin
user_402,application_started,2026-08-27 16:25:42.614070,,google
user_689,application_submitted,2026-08-10 11:25:42.614070,178475.0,referral
user_205,application_started,2026-08-21 10:25:42.614070,48733.0,referral
user_524,page_view,2026-08-15 16:25:42.614070,85614.0,direct
user_541,job_search,2026-08-30 06:25:42.614070,,linkedin
user_922,job_search,2026-08-02 10:25:42.614070,162276.0,linkedin
user_281,application_started,2026-08-02 12:25:42.614070,,linkedin
user_82,application_submitted,2026-08-11 15:25:42.614070,,linkedin
user_155,application_submitted,2026-08-07 09:25:42.614070,143725.0,referral
user_54,page_view,2026-08-02 12:25:42.614070,,linkedin
user_995,application_started,2026-08-27 14:25:42.614070,42663.0,linkedin
user_788,job_search,2026-08-24 11:25:42.614070,84734.0,linkedin
user_991,page_view,2026-08-17 13:25:42.614070,162056.0,referral
user_487,application_started,2026-08-15 03:25:42.614070,,referral
user_181,application_submitted,2026-08-08 19:25:42.614070,47561.0,direct
user_835,application_submitted,2026-08-04 00:25:42.614070,101924.0,referral
user_923,page_view,2026-08-22 17:25:42.614070,145625.0,referral
user_578,page_view,2026-08-01 18:25:42.614070,68607.0,referral
user_503,application_started,2026-08-15 05:25:42.614070,126937.0,referral
user_773,application_started,2026-08-23 17:25:42.614070,73752.0,google
user_38,job_search,2026-08-03 09:25:42.614070,182387.0,linkedin
user_760,application_started,2026-08-21 08:25:42.614070,43710.0,google
user_648,application_submitted,2026-08-03 06:25:42.614070,58966.0,direct
user_808,application_started,2026-08-24 23:25:42.614070,120713.0,linkedin
user_984,application_submitted,2026-08-04 23:25:42.614070,,referral
user_470,application_submitted,2026-08-28 16:25:42.614070,,google
user_447,application_started,2026-08-27 03:25:42.614070,180725.0,linkedin
user_395,application_submitted,2026-08-26 13:25:42.614070,72773.0,direct
user_781,job_search,2026-08-14 02:25:42.614070,,linkedin
user_810,page_view,2026-08-23 08:25:42.614070,189566.0,linkedin
user_67,job_search,2026-08-21 14:25:42.614070,,referral
user_387,application_submitted,2026-08-16 08:25:42.614070,101608.0,direct
user_596,application_started,2026-08-05 13:25:42.614070,71140.0,linkedin
user_98,job_search,2026-08-24 19:25:42.614070,72545.0,referral
user_107,job_search,2026-08-23 03:25:42.614070,90417.0,direct
user_442,page_view,2026-08-29 17:25:42.614070,100198.0,direct
user_47,job_search,2026-08-14 11:25:42.614070,99177.0,referral
user_715,application_submitted,2026-08-30 17:25:42.614070,121702.0,linkedin
user_201,application_submitted,2026-08-05 21:25:42.614070,50408.0,google
user_396,job_search,2026-08-06 01:25:42.614070,191147.0,referral
user_199,application_submitted,2026-08-03 18:25:42.614070,169784.0,linkedin
user_71,page_view,2026-08-02 12:25:42.614070,178091.0,google
user_801,job_search,2026-08-17 07:25:42.614070,178977.0,direct
user_189,job_search,2026-08-12 13:25:42.614070,165322.0,referral
user_731,application_submitted,2026-08-22 09:25:42.614070,124529.0,referral
user_617,application_started,2026-08-31 16:25:42.614070,83078.0,referral
user_928,page_view,2026-08-05 14:25:42.614070,107633.0,google
user_312,page_view,2026-09-01 11:25:42.614070,124101.0,google
user_238,application_started,2026-08-02 19:25:42.614070,87575.0,linkedin
user_356,application_started,2026-08-21 00:25:42.614070,59476.0,direct
user_889,page_view,2026-08-23 09:25:42.614070,132331.0,direct
user_83,application_submitted,2026-08-26 16:25:42.614070,50787.0,referral
user_31,job_search,2026-08-03 01:25:42.614070,184519.0,linkedin
user_934,application_started,2026-08-28 08:25:42.614070,55247.0,google
user_763,application_submitted,2026-08-26 13:25:42.614070,93593.0,referral
user_409,application_started,2026-08-11 16:25:42.614070,196066.0,google
user_847,job_search,2026-08-25 21:25:42.614070,82784.0,google
user_877,application_submitted,2026-08-19 04:25:42.614070,48528.0,linkedin
user_323,job_search,2026-08-02 02:25:42.614070,134718.0,google
user_720,application_submitted,2026-08-28 11:25:42.614070,134767.0,direct
user_10,page_view,2026-08-24 19:25:42.614070,175754.0,direct
user_199,application_submitted,2026-08-26 15:25:42.614070,74596.0,direct
user_233,job_search,2026-08-06 16:25:42.614070,138659.0,google
user_225,page_view,2026-08-24 08:25:42.614070,71527.0,linkedin
user_963,application_started,2026-08-20 11:25:42.614070,,linkedin
user_891,application_submitted,2026-08-11 18:25:42.614070,194837.0,linkedin
user_471,page_view,2026-08-05 07:25:42.614070,87424.0,referral
user_693,application_started,2026-08-30 00:25:42.614070,118646.0,google
user_157,application_submitted,2026-08-02 16:25:42.614070,74295.0,linkedin
user_595,application_started,2026-08-27 13:25:42.614070,177502.0,direct
user_532,application_started,2026-08-28 12:25:42.614070,110107.0,direct
user_502,job_search,2026-08-11 00:25:42.614070,96885.0,direct
user_921,page_view,2026-08-18 04:25:42.614070,51350.0,referral
user_461,job_search,2026-08-10 15:25:42.614070,41953.0,linkedin
user_639,application_submitted,2026-08-18 07:25:42.614070,121721.0,google
user_130,job_search,2026-08-27 22:25:42.614070,,direct
user_742,page_view,2026-08-08 04:25:42.614070,164750.0,google
user_299,application_started,2026-08-20 20:25:42.614070,,linkedin
user_908,application_started,2026-08-28 14:25:42.614070,134733.0,google
user_561,application_started,2026-08-12 23:25:42.614070,95542.0,direct
user_955,job_search,2026-08-30 04:25:42.614070,151397.0,direct
user_703,page_view,2026-08-11 09:25:42.614070,162493.0,linkedin
user_388,job_search,2026-08-06 22:25:42.614070,187753.0,google
user_339,job_search,2026-08-28 14:25:42.614070,62860.0,linkedin
user_3,application_submitted,2026-08-07 02:25:42.614070,55582.0,referral
user_961,application_started,2026-08-26 06:25:42.614070,158657.0,referral
user_732,application_submitted,2026-08-19 10:25:42.614070,109895.0,referral
user_280,application_started,2026-08-27 19:25:42.614070,55969.0,referral
user_185,application_started,2026-08-14 13:25:42.614070,106398.0,google
user_15,application_started,2026-08-18 02:25:42.614070,,referral
user_233,application_submitted,2026-08-05 06:25:42.614070,181996.0,referral
user_896,page_view,2026-08-12 22:25:42.614070,,google
user_364,job_search,2026-08-27 20:25:42.614070,80028.0,referral
user_445,application_started,2026-08-30 20:25:42.614070,165032.0,google
user_462,application_submitted,2026-08-15 06:25:42.614070,161820.0,linkedin
user_499,job_search,2026-08-23 23:25:42.614070,,direct
user_683,job_search,2026-08-20 21:25:42.614070,79179.0,direct
user_760,application_submitted,2026-08-06 11:25:42.614070,58467.0,referral
user_995,page_view,2026-08-17 15:25:42.614070,192381.0,referral
user_75,job_search,2026-08-12 09:25:42.614070,193547.0,referral
user_254,application_started,2026-08-04 10:25:42.614070,120279.0,google
user_532,application_submitted,2026-08-17 08:25:42.614070,,referral
user_165,application_started,2026-08-01 13:25:42.614070,44238.0,referral
user_418,application_submitted,2026-08-25 20:25:42.614070,140515.0,direct
user_156,application_started,2026-08-15 20:25:42.614070,47988.0,direct
user_522,application_submitted,2026-08-07 05:25:42.614070,172556.0,direct
user_184,application_submitted,2026-08-17 13:25:42.614070,107562.0,direct
user_365,application_started,2026-08-27 12:25:42.614070,167647.0,direct
user_885,job_search,2026-08-13 22:25:42.614070,73102.0,referral
user_56,page_view,2026-08-13 17:25:42.614070,,google
user_869,job_search,2026-08-25 19:25:42.614070,163865.0,linkedin
user_465,page_view,2026-08-20 01:25:42.614070,63977.0,referral
user_22,job_search,2026-08-02 17:25:42.614070,121930.0,direct
user_473,application_started,2026-08-19 10:25:42.614070,123281.0,referral
user_143,page_view,2026-08-23 08:25:42.614070,96312.0,google
user_255,application_started,2026-08-25 01:25:42.614070,188382.0,google
user_321,job_search,2026-08-07 19:25:42.614070,78430.0,google
user_990,job_search,2026-08-12 07:25:42.614070,182275.0,referral
user_945,application_submitted,2026-08-21 01:25:42.614070,154182.0,referral
user_991,page_view,2026-08-13 18:25:42.614070,157541.0,google
user_24,application_started,2026-08-28 09:25:42.614070,129470.0,referral
user_147,job_search,2026-08-13 04:25:42.614070,149612.0,referral
user_731,application_started,2026-08-15 18:25:42.614070,145192.0,direct
user_462,page_view,2026-08-18 14:25:42.614070,71778.0,google
user_500,page_view,2026-08-23 14:25:42.614070,87177.0,referral
user_588,application_submitted,2026-08-09 00:25:42.614070,,referral
user_472,application_started,2026-08-18 11:25:42.614070,144944.0,referral
user_230,application_started,2026-08-09 11:25:42.614070,,direct
user_739,job_search,2026-08-05 10:25:42.614070,127388.0,referral
user_811,application_submitted,2026-08-26 15:25:42.614070,169661.0,referral
user_477,application_submitted,2026-08-14 11:25:42.614070,50020.0,google
user_146,application_submitted,2026-08-14 09:25:42.614070,,google
user_674,job_search,2026-08-19 13:25:42.614070,178905.0,linkedin
user_440,page_view,2026-08-20 11:25:42.614070,139322.0,linkedin
user_185,page_view,2026-08-29 21:25:42.614070,76266.0,linkedin
user_223,job_search,2026-08-03 13:25:42.614070,67410.0,referral
user_747,page_view,2026-08-20 10:25:42.614070,189926.0,google
user_929,application_submitted,2026-08-05 21:25:42.614070,82035.0,linkedin
user_44,application_started,2026-08-08 04:25:42.614070,105469.0,google
user_166,application_submitted,2026-08-04 18:25:42.614070,146329.0,google
user_98,application_submitted,2026-08-31 18:25:42.614070,153919.0,linkedin
user_145,job_search,2026-08-06 19:25:42.614070,133149.0,linkedin
user_76,application_started,2026-08-25 17:25:42.614070,64020.0,referral
user_908,page_view,2026-08-06 18:25:42.614070,89101.0,direct
user_759,page_view,2026-08-08 05:25:42.614070,94498.0,direct
user_760,job_search,2026-08-14 04:25:42.614070,161681.0,direct
user_3,application_submitted,2026-08-01 15:25:42.614070,70907.0,referral
user_933,application_submitted,2026-08-09 21:25:42.614070,71333.0,referral
user_444,application_started,2026-08-09 15:25:42.614070,,referral
user_387,application_submitted,2026-08-25 08:25:42.614070,86224.0,referral
user_229,page_view,2026-08-07 06:25:42.614070,147051.0,linkedin
user_715,application_submitted,2026-08-05 00:25:42.614070,176606.0,linkedin
user_356,job_search,2026-08-21 04:25:42.614070,152097.0,google
user_542,job_search,2026-08-07 16:25:42.614070,186477.0,linkedin
user_516,application_started,2026-08-22 12:25:42.614070,73863.0,google
user_51,job_search,2026-08-13 02:25:42.614070,132618.0,linkedin
user_581,application_submitted,2026-08-20 17:25:42.614070,160094.0,google
user_113,application_started,2026-08-25 21:25:42.614070,150301.0,linkedin
user_942,application_started,2026-08-30 14:25:42.614070,110391.0,google
user_673,job_search,2026-08-14 10:25:42.614070,136637.0,google
user_593,page_view,2026-08-31 13:25:42.614070,178650.0,direct
user_603,application_submitted,2026-08-19 17:25:42.614070,81194.0,referral
user_385,application_started,2026-08-06 15:25:42.614070,122882.0,google
user_79,application_submitted,2026-08-20 03:25:42.614070,76068.0,linkedin
user_712,job_search,2026-08-10 02:25:42.614070,,referral
user_753,application_submitted,2026-08-19 02:25:42.614070,154178.0,referral
user_47,application_started,2026-08-27 22:25:42.614070,146118.0,google
user_487,job_search,2026-08-23 09:25:42.614070,112408.0,google
user_460,job_search,2026-08-05 21:25:42.614070,119313.0,referral
user_922,job_search,2026-08-30 09:25:42.614070,177279.0,linkedin
user_912,job_search,2026-08-19 12:25:42.614070,164926.0,referral
user_46,application_submitted,2026-08-10 05:25:42.614070,93175.0,linkedin
user_470,page_view,2026-08-31 02:25:42.614070,168582.0,linkedin
user_504,job_search,2026-08-06 20:25:42.614070,172397.0,direct
user_463,page_view,2026-08-17 01:25:42.614070,156606.0,google
user_331,application_started,2026-08-14 01:25:42.614070,45949.0,google
user_165,page_view,2026-08-15 18:25:42.614070,87178.0,direct
user_893,job_search,2026-08-20 14:25:42.614070,114403.0,direct
user_481,application_submitted,2026-08-15 14:25:42.614070,40187.0,linkedin
user_326,page_view,2026-08-04 18:25:42.614070,111192.0,google
user_425,job_search,2026-08-28 07:25:42.614070,61340.0,google
user_427,application_submitted,2026-08-31 21:25:42.614070,181904.0,direct
user_245,application_submitted,2026-08-04 07:25:42.614070,110760.0,referral
user_782,job_search,2026-08-26 03:25:42.614070,,google
user_301,page_view,2026-08-04 14:25:42.614070,47344.0,referral
user_359,application_submitted,2026-08-21 02:25:42.614070,155830.0,direct
user_589,page_view,2026-08-15 19:25:42.614070,102139.0,linkedin
user_995,page_view,2026-08-26 12:25:42.614070,63235.0,google
user_74,job_search,2026-08-14 11:25:42.614070,164202.0,google
user_268,page_view,2026-08-25 01:25:42.614070,84413.0,referral
user_527,job_search,2026-08-09 13:25:42.614070,138690.0,direct
user_999,job_search,2026-08-24 22:25:42.614070,159504.0,linkedin
user_899,application_started,2026-08-21 22:25:42.614070,82586.0,linkedin
user_553,page_view,2026-08-20 14:25:42.614070,189573.0,direct
user_117,application_started,2026-08-12 21:25:42.614070,87725.0,referral
user_413,page_view,2026-08-06 04:25:42.614070,184309.0,google
user_181,application_started,2026-08-15 14:25:42.614070,117617.0,google
user_74,application_started,2026-08-31 06:25:42.614070,126241.0,google
user_105,page_view,2026-08-08 12:25:42.614070,89393.0,google
user_524,application_started,2026-08-06 07:25:42.614070,50365.0,direct
user_986,page_view,2026-08-05 23:25:42.614070,46940.0,referral
user_990,application_started,2026-08-30 13:25:42.614070,63561.0,referral
user_121,application_started,2026-08-19 23:25:42.614070,,direct
user_683,page_view,2026-08-20 07:25:42.614070,100646.0,direct
user_698,page_view,2026-08-04 11:25:42.614070,123144.0,linkedin
user_776,job_search,2026-08-21 09:25:42.614070,172439.0,linkedin
user_770,application_started,2026-08-21 17:25:42.614070,128088.0,direct
user_555,page_view,2026-08-30 14:25:42.614070,,linkedin
user_58,page_view,2026-08-28 03:25:42.614070,51702.0,referral
user_607,page_view,2026-08-13 02:25:42.614070,163992.0,referral
user_388,application_submitted,2026-08-11 03:25:42.614070,,referral
user_380,page_view,2026-08-24 18:25:42.614070,154343.0,referral
user_29,application_submitted,2026-08-14 03:25:42.614070,,direct
user_247,application_started,2026-08-12 05:25:42.614070,103566.0,direct
user_892,page_view,2026-08-30 10:25:42.614070,136188.0,direct
user_10,application_submitted,2026-08-08 04:25:42.614070,107382.0,google
user_812,page_view,2026-08-21 22:25:42.614070,164944.0,referral
user_904,job_search,2026-08-14 09:25:42.614070,185976.0,linkedin
user_984,application_started,2026-08-26 23:25:42.614070,75421.0,referral
user_751,application_started,2026-08-29 16:25:42.614070,106803.0,linkedin
user_938,application_started,2026-08-17 02:25:42.614070,86956.0,referral
user_369,page_view,2026-08-16 03:25:42.614070,116797.0,direct
user_547,page_view,2026-08-01 19:25:42.614070,45680.0,google
user_871,application_submitted,2026-08-15 14:25:42.614070,169875.0,google
user_693,page_view,2026-08-31 03:25:42.614070,168862.0,linkedin
user_91,job_search,2026-08-18 11:25:42.614070,149499.0,referral
user_184,application_started,2026-09-01 06:25:42.614070,179191.0,google
user_516,page_view,2026-08-29 18:25:42.614070,113288.0,referral
user_571,application_started,2026-08-27 09:25:42.614070,,referral
user_679,page_view,2026-08-19 06:25:42.614070,139223.0,linkedin
user_312,job_search,2026-08-10 11:25:42.614070,56175.0,linkedin
user_515,page_view,2026-08-15 21:25:42.614070,140605.0,direct
user_883,application_started,2026-08-30 10:25:42.614070,112182.0,direct
user_621,page_view,2026-08-18 21:25:42.614070,116553.0,google
user_141,page_view,2026-08-12 14:25:42.614070,66556.0,direct
user_262,job_search,2026-08-18 22:25:42.614070,113309.0,referral
user_546,job_search,2026-08-22 12:25:42.614070,,referral
user_159,application_submitted,2026-08-06 15:25:42.614070,109237.0,google
user_770,application_submitted,2026-09-01 06:25:42.614070,148914.0,direct
user_594,page_view,2026-08-02 23:25:42.614070,153927.0,referral
user_544,page_view,2026-08-25 16:25:42.614070,46689.0,google
user_305,application_submitted,2026-08-02 01:25:42.614070,146553.0,linkedin
user_469,application_started,2026-08-17 11:25:42.614070,125614.0,referral
user_651,job_search,2026-08-22 00:25:42.614070,48586.0,direct
user_74,job_search,2026-08-29 18:25:42.614070,173217.0,linkedin
user_481,page_view,2026-08-31 09:25:42.614070,,direct
user_990,page_view,2026-08-26 18:25:42.614070,77452.0,direct
user_630,application_started,2026-08-28 12:25:42.614070,124955.0,google
user_186,application_submitted,2026-08-04 06:25:42.614070,128355.0,direct
user_848,job_search,2026-08-30 00:25:42.614070,68113.0,direct
user_553,job_search,2026-08-24 01:25:42.614070,,linkedin
user_6,application_submitted,2026-08-29 01:25:42.614070,183779.0,google
user_534,application_submitted,2026-08-16 08:25:42.614070,89996.0,referral
user_931,page_view,2026-08-28 16:25:42.614070,91569.0,google
user_344,page_view,2026-08-20 08:25:42.614070,46416.0,google
user_295,application_started,2026-08-26 10:25:42.614070,173698.0,referral
user_180,job_search,2026-08-08 06:25:42.614070,154904.0,linkedin
user_209,application_submitted,2026-08-04 22:25:42.614070,179260.0,direct
user_22,application_submitted,2026-08-31 19:25:42.614070,70055.0,referral
user_489,application_started,2026-08-30 04:25:42.614070,174975.0,direct
user_740,job_search,2026-09-01 04:25:42.614070,47266.0,google
user_836,application_submitted,2026-08-01 19:25:42.614070,139570.0,linkedin
user_941,application_started,2026-08-28 11:25:42.614070,93406.0,direct
user_514,application_started,2026-08-13 07:25:42.614070,198273.0,direct
user_984,page_view,2026-08-10 10:25:42.614070,77352.0,linkedin
user_658,application_started,2026-08-31 10:25:42.614070,79042.0,linkedin
user_633,application_started,2026-08-06 18:25:42.614070,120412.0,linkedin
user_203,page_view,2026-08-12 03:25:42.614070,137827.0,google
user_368,application_submitted,2026-08-05 06:25:42.614070,131786.0,direct
user_799,application_started,2026-08-28 19:25:42.614070,188211.0,direct
user_141,application_started,2026-08-15 01:25:42.615054,117882.0,direct
user_87,application_started,2026-08-05 23:25:42.615054,45480.0,referral
user_472,application_submitted,2026-08-12 21:25:42.615054,76622.0,google
user_99,job_search,2026-08-18 09:25:42.615054,44437.0,referral
user_969,application_started,2026-08-04 04:25:42.615054,149919.0,direct
user_631,application_started,2026-08-16 11:25:42.615054,173571.0,direct
user_966,application_started,2026-08-15 17:25:42.615054,43208.0,linkedin
user_569,application_submitted,2026-08-06 13:25:42.615054,80819.0,referral
user_204,page_view,2026-08-25 06:25:42.615054,160015.0,referral
user_719,application_submitted,2026-08-30 01:25:42.615054,54358.0,linkedin
user_969,page_view,2026-08-11 04:25:42.615054,,google
user_335,application_started,2026-08-14 02:25:42.615054,127148.0,direct
user_516,job_search,2026-08-02 07:25:42.615054,116954.0,referral
user_879,page_view,2026-08-04 21:25:42.615054,,direct
user_364,job_search,2026-08-18 00:25:42.615054,139263.0,linkedin
user_623,application_started,2026-08-03 14:25:42.615054,58390.0,linkedin
user_924,application_submitted,2026-08-18 18:25:42.615054,193383.0,google
user_121,job_search,2026-08-10 18:25:42.615054,144039.0,referral
user_137,job_search,2026-08-28 17:25:42.615054,,direct
user_404,job_search,2026-08-05 13:25:42.615054,87844.0,google
user_298,job_search,2026-08-06 17:25:42.615054,132774.0,linkedin
user_250,job_search,2026-08-06 22:25:42.615054,124297.0,linkedin
user_406,application_started,2026-08-29 13:25:42.615054,42237.0,referral
user_344,application_started,2026-08-11 21:25:42.615054,150484.0,google
user_487,application_started,2026-08-23 02:25:42.615054,48041.0,referral
user_963,page_view,2026-08-24 15:25:42.615054,143356.0,linkedin
user_807,job_search,2026-08-04 23:25:42.615054,199901.0,google
user_100,application_started,2026-08-08 03:25:42.615054,140627.0,referral
user_802,job_search,2026-08-08 18:25:42.615054,84905.0,direct
user_201,page_view,2026-08-27 01:25:42.615054,199836.0,google
user_998,job_search,2026-09-01 12:25:42.615054,,direct
user_880,job_search,2026-08-31 10:25:42.615054,,direct
user_336,application_started,2026-08-21 13:25:42.615054,43177.0,referral
user_75,application_submitted,2026-08-11 21:25:42.615054,49614.0,direct
user_850,page_view,2026-08-24 21:25:42.615054,196568.0,linkedin
user_853,job_search,2026-08-19 21:25:42.615054,96876.0,referral
user_483,application_submitted,2026-08-24 00:25:42.615054,58700.0,google
user_991,job_search,2026-08-19 14:25:42.615054,97165.0,direct
user_566,application_started,2026-08-23 22:25:42.615054,110612.0,referral
user_301,application_started,2026-08-03 21:25:42.615054,114337.0,direct
user_787,application_started,2026-08-12 23:25:42.615054,195214.0,referral
user_655,job_search,2026-08-08 22:25:42.615054,,referral
user_8,page_view,2026-08-27 01:25:42.615054,80121.0,referral
user_484,job_search,2026-08-09 18:25:42.615054,148856.0,referral
user_124,application_submitted,2026-08-11 01:25:42.615054,125875.0,google
user_374,job_search,2026-08-17 01:25:42.615054,,direct
user_217,page_view,2026-08-04 05:25:42.615054,160923.0,referral
user_947,application_submitted,2026-08-10 02:25:42.615054,183776.0,direct
user_717,application_submitted,2026-08-17 17:25:42.615054,118483.0,referral
user_372,job_search,2026-08-10 13:25:42.615054,,google
user_825,job_search,2026-08-21 02:25:42.615054,59476.0,linkedin
user_831,job_search,2026-08-08 09:25:42.615054,190441.0,direct
user_922,application_submitted,2026-09-01 03:25:42.615054,54896.0,linkedin
user_805,job_search,2026-08-28 06:25:42.615054,111212.0,google
user_135,application_started,2026-08-13 11:25:42.615054,150729.0,direct
user_400,application_started,2026-08-14 05:25:42.615054,167127.0,linkedin
user_714,application_started,2026-08-18 17:25:42.615054,95616.0,direct
user_597,job_search,2026-08-27 18:25:42.615054,99325.0,linkedin
user_524,application_started,2026-08-26 15:25:42.615054,,referral
user_743,application_submitted,2026-08-12 01:25:42.615054,72695.0,referral
user_901,page_view,2026-08-21 17:25:42.615054,83723.0,direct
user_974,application_submitted,2026-08-14 23:25:42.615054,,google
user_766,application_started,2026-08-16 19:25:42.615054,180019.0,referral
user_108,application_submitted,2026-08-27 16:25:42.615054,154689.0,google
user_194,application_started,2026-08-09 12:25:42.615054,105337.0,google
user_297,application_started,2026-08-09 22:25:42.615054,171191.0,referral
user_865,page_view,2026-08-18 02:25:42.615054,70622.0,direct
user_913,application_submitted,2026-08-06 08:25:42.615054,135693.0,linkedin
user_884,page_view,2026-08-19 16:25:42.615054,102714.0,direct
user_293,page_view,2026-08-02 23:25:42.615054,198966.0,linkedin
user_469,application_submitted,2026-08-27 17:25:42.615054,103103.0,direct
user_320,page_view,2026-08-14 03:25:42.615054,,linkedin
user_115,page_view,2026-08-26 23:25:42.615054,190362.0,direct
user_227,page_view,2026-08-06 09:25:42.615054,58235.0,direct
user_682,job_search,2026-08-27 06:25:42.615054,,google
user_151,application_submitted,2026-08-08 12:25:42.615054,132875.0,linkedin
user_22,application_submitted,2026-08-06 08:25:42.615054,181749.0,linkedin
user_498,application_submitted,2026-08-11 18:25:42.615054,155486.0,direct
user_376,application_submitted,2026-08-30 13:25:42.615054,182760.0,google
user_930,application_submitted,2026-08-25 14:25:42.615054,118202.0,direct
user_262,application_submitted,2026-08-08 18:25:42.615054,176759.0,direct
user_765,page_view,2026-08-15 18:25:42.615054,54110.0,direct
user_205,job_search,2026-08-19 02:25:42.615054,168591.0,referral
user_651,application_submitted,2026-08-09 23:25:42.615054,,referral
user_327,application_started,2026-08-16 23:25:42.615054,96878.0,direct
user_287,application_started,2026-08-27 08:25:42.615054,162613.0,direct
user_172,job_search,2026-08-10 05:25:42.615054,144912.0,referral
user_317,job_search,2026-08-02 01:25:42.615054,,google
user_482,application_submitted,2026-08-21 02:25:42.615054,164697.0,referral
user_766,application_started,2026-08-11 08:25:42.615054,154478.0,direct
user_958,page_view,2026-08-14 19:25:42.615054,162544.0,linkedin
user_529,job_search,2026-08-25 20:25:42.615054,93534.0,google
user_890,job_search,2026-08-24 22:25:42.615054,50149.0,referral
user_492,page_view,2026-08-09 21:25:42.615054,69457.0,google
user_841,application_submitted,2026-08-29 04:25:42.615054,,referral
user_664,application_started,2026-08-27 14:25:42.615054,,google
user_424,page_view,2026-08-02 05:25:42.615054,87912.0,google
user_5,application_started,2026-08-05 19:25:42.615054,167117.0,referral
user_34,application_started,2026-08-01 18:25:42.615054,54749.0,google
user_21,application_started,2026-08-11 17:25:42.615054,90998.0,direct
user_498,page_view,2026-08-28 22:25:42.615054,146948.0,google
user_473,application_submitted,2026-08-19 15:25:42.615054,63809.0,linkedin
user_612,job_search,2026-08-08 09:25:42.615054,154247.0,google
user_503,application_submitted,2026-08-20 05:25:42.615054,81027.0,google
user_583,job_search,2026-08-31 06:25:42.615054,136168.0,direct
user_862,job_search,2026-08-16 13:25:42.615054,41617.0,referral
user_413,application_started,2026-08-13 02:25:42.615054,104653.0,linkedin
user_397,application_started,2026-08-13 02:25:42.615054,91083.0,referral
user_918,application_started,2026-08-28 18:25:42.615054,88978.0,google
user_720,page_view,2026-08-04 09:25:42.615054,69429.0,direct
user_119,job_search,2026-08-26 06:25:42.615054,66170.0,linkedin
user_9,application_submitted,2026-08-15 04:25:42.615054,149022.0,google
user_95,application_submitted,2026-08-10 10:25:42.615054,156127.0,linkedin
user_539,application_started,2026-08-17 23:25:42.615054,94008.0,direct
user_976,job_search,2026-08-17 02:25:42.615054,189267.0,direct
user_460,application_started,2026-08-16 00:25:42.615054,104632.0,referral
user_712,application_started,2026-08-04 01:25:42.615054,160758.0,google
user_829,application_started,2026-08-09 20:25:42.615054,141822.0,referral
user_908,application_started,2026-08-01 22:25:42.615054,185767.0,direct
user_725,job_search,2026-08-06 02:25:42.615054,122342.0,direct
user_919,application_submitted,2026-08-02 02:25:42.615054,91987.0,referral
user_227,application_started,2026-08-04 14:25:42.615054,108456.0,linkedin
user_160,application_started,2026-08-19 08:25:42.615054,171067.0,referral
user_117,job_search,2026-08-20 00:25:42.615054,44441.0,linkedin
user_366,application_started,2026-08-22 13:25:42.615054,161885.0,referral
user_562,job_search,2026-08-27 01:25:42.615054,,referral
user_982,application_started,2026-08-23 07:25:42.615054,154288.0,google
user_656,page_view,2026-08-26 12:25:42.615054,46122.0,referral
user_915,job_search,2026-08-24 00:25:42.615054,160570.0,referral
user_640,application_submitted,2026-08-09 01:25:42.615054,136854.0,direct
user_406,page_view,2026-08-24 15:25:42.615054,92492.0,referral
user_811,job_search,2026-08-07 07:25:42.615054,64572.0,direct
user_123,application_started,2026-08-28 09:25:42.615054,124221.0,linkedin
user_855,page_view,2026-08-15 17:25:42.615054,57365.0,linkedin
user_760,job_search,2026-08-15 11:25:42.615054,162606.0,referral
user_532,page_view,2026-08-10 14:25:42.615054,41750.0,linkedin
user_946,application_started,2026-08-09 06:25:42.615054,,linkedin
user_63,job_search,2026-08-01 23:25:42.615054,165732.0,direct
user_930,application_submitted,2026-08-25 07:25:42.615054,136337.0,referral
user_613,page_view,2026-08-08 19:25:42.615054,110123.0,linkedin
user_741,application_started,2026-08-27 16:25:42.615054,172217.0,direct
user_910,application_submitted,2026-08-20 15:25:42.615054,112931.0,google
user_963,application_started,2026-08-27 12:25:42.615054,136483.0,linkedin
user_595,application_started,2026-08-11 20:25:42.615054,131491.0,referral
user_607,application_submitted,2026-08-14 17:25:42.615054,65473.0,google
user_2,job_search,2026-08-07 02:25:42.615054,102349.0,linkedin
user_356,application_started,2026-08-10 20:25:42.615054,198346.0,google
user_488,application_submitted,2026-08-19 18:25:42.615054,67658.0,direct
user_441,job_search,2026-08-15 04:25:42.615054,160443.0,direct
user_565,application_submitted,2026-08-29 13:25:42.615054,105080.0,referral
user_664,job_search,2026-08-28 00:25:42.615054,118924.0,google
user_988,job_search,2026-08-08 04:25:42.615054,117333.0,referral
user_757,application_submitted,2026-08-28 15:25:42.615054,,google
user_24,page_view,2026-08-30 12:25:42.615054,62201.0,linkedin
user_692,application_started,2026-08-24 13:25:42.615054,92487.0,direct
user_137,application_submitted,2026-08-01 13:25:42.615054,168968.0,google
user_843,page_view,2026-08-06 08:25:42.615054,,referral
user_622,application_started,2026-08-18 16:25:42.615054,40145.0,referral
user_571,application_started,2026-08-18 02:25:42.615054,101851.0,google
user_282,page_view,2026-08-30 06:25:42.615054,188836.0,google
user_946,application_submitted,2026-08-12 13:25:42.615054,,google
user_358,page_view,2026-08-28 06:25:42.615054,145931.0,direct
user_541,application_started,2026-08-05 03:25:42.615054,98521.0,referral
user_580,page_view,2026-08-19 22:25:42.615054,150779.0,referral
user_858,job_search,2026-08-04 06:25:42.615054,108317.0,direct
user_327,job_search,2026-08-14 23:25:42.615054,144795.0,google
user_180,job_search,2026-08-07 00:25:42.615054,53792.0,direct
user_953,job_search,2026-08-21 06:25:42.615054,159290.0,google
user_87,application_submitted,2026-08-17 20:25:42.615054,196433.0,referral
user_142,application_submitted,2026-08-13 11:25:42.615054,152609.0,linkedin
user_904,page_view,2026-08-13 07:25:42.615054,,direct
user_466,job_search,2026-08-18 22:25:42.615054,50370.0,google
user_580,job_search,2026-08-07 04:25:42.615054,,direct
user_513,application_started,2026-08-05 18:25:42.615054,101055.0,linkedin
user_904,application_started,2026-08-11 02:25:42.615054,142369.0,referral
user_721,page_view,2026-08-02 11:25:42.615054,117863.0,direct
user_763,page_view,2026-08-05 06:25:42.615054,106679.0,direct
user_939,application_submitted,2026-08-28 11:25:42.615054,52575.0,google
user_618,application_submitted,2026-08-17 12:25:42.615054,77719.0,direct
user_323,job_search,2026-08-21 15:25:42.615054,197649.0,referral
user_628,job_search,2026-08-04 10:25:42.615054,140025.0,direct
user_711,page_view,2026-08-05 15:25:42.615054,154443.0,direct
user_559,job_search,2026-08-03 21:25:42.615054,166706.0,referral
user_638,page_view,2026-08-10 04:25:42.615054,105743.0,google
user_830,application_submitted,2026-08-28 23:25:42.615054,151540.0,linkedin
user_537,page_view,2026-08-17 12:25:42.615054,75208.0,google
user_40,page_view,2026-08-29 04:25:42.615054,94320.0,google
user_335,application_submitted,2026-08-07 00:25:42.615054,119492.0,google
user_338,page_view,2026-08-23 22:25:42.615054,45888.0,referral
user_252,application_started,2026-08-26 08:25:42.615054,123872.0,direct
user_467,application_started,2026-08-09 08:25:42.615054,59206.0,referral
user_362,application_started,2026-08-29 15:25:42.615054,,linkedin
user_70,application_started,2026-08-10 17:25:42.615054,139553.0,direct
user_370,application_started,2026-08-16 18:25:42.615054,115134.0,linkedin
user_206,application_started,2026-08-25 10:25:42.615054,122059.0,linkedin
user_904,page_view,2026-08-25 08:25:42.615054,139479.0,google
user_827,application_submitted,2026-08-16 22:25:42.615054,,google
user_217,job_search,2026-08-18 00:25:42.615054,137115.0,referral
user_413,job_search,2026-08-18 19:25:42.615054,164878.0,google
user_603,job_search,2026-08-12 22:25:42.615054,,linkedin
user_12,application_submitted,2026-08-18 23:25:42.615054,128829.0,google
user_104,page_view,2026-08-23 06:25:42.615054,173787.0,referral
user_517,application_started,2026-08-07 06:25:42.615054,191099.0,referral
user_505,page_view,2026-08-24 10:25:42.615054,153799.0,direct
user_41,page_view,2026-08-28 00:25:42.615054,154314.0,referral
user_60,application_submitted,2026-08-08 11:25:42.615054,109090.0,referral
user_410,page_view,2026-08-12 00:25:42.615054,,referral
user_315,application_submitted,2026-08-09 18:25:42.615054,199718.0,linkedin
user_76,application_submitted,2026-08-22 03:25:42.615054,173985.0,direct
user_822,job_search,2026-08-24 23:25:42.615054,101579.0,direct
user_55,job_search,2026-08-31 02:25:42.615054,79063.0,google
user_718,application_submitted,2026-08-30 13:25:42.615054,142645.0,direct
user_251,application_started,2026-08-27 05:25:42.615054,70304.0,google
user_637,page_view,2026-08-23 08:25:42.615054,62761.0,referral
user_969,application_submitted,2026-08-14 00:25:42.615054,122848.0,linkedin
user_14,application_submitted,2026-08-13 02:25:42.615054,52548.0,referral
user_915,job_search,2026-08-14 21:25:42.615054,112348.0,linkedin
user_912,page_view,2026-08-23 00:25:42.615054,177608.0,referral
user_10,page_view,2026-08-28 08:25:42.615054,87871.0,direct
user_877,application_submitted,2026-08-10 11:25:42.615054,199447.0,google
user_533,application_submitted,2026-08-29 14:25:42.615054,127957.0,google
user_494,application_submitted,2026-08-18 10:25:42.615054,198020.0,linkedin
user_726,application_submitted,2026-08-14 14:25:42.615054,185205.0,referral
user_79,application_started,2026-08-21 02:25:42.615054,102080.0,linkedin
user_223,application_submitted,2026-08-27 09:25:42.615054,95571.0,referral
user_649,application_submitted,2026-08-05 06:25:42.615054,,direct
user_285,application_started,2026-08-07 17:25:42.615054,157489.0,google
user_681,page_view,2026-08-01 23:25:42.615054,,linkedin
user_25,application_started,2026-08-20 07:25:42.615054,119188.0,direct
user_339,application_started,2026-08-26 22:25:42.615054,91713.0,google
user_492,job_search,2026-08-22 19:25:42.615054,197845.0,google
user_485,page_view,2026-08-05 08:25:42.615054,66983.0,google
user_125,job_search,2026-08-04 14:25:42.615054,193723.0,direct
user_552,application_submitted,2026-08-07 06:25:42.615054,,referral
user_13,application_submitted,2026-08-09 18:25:42.615054,104494.0,google
user_943,application_started,2026-08-15 04:25:42.615054,185501.0,google
user_935,page_view,2026-08-13 15:25:42.615054,171069.0,direct
user_781,job_search,2026-08-14 04:25:42.615054,173830.0,direct
user_201,job_search,2026-08-30 17:25:42.615054,117144.0,direct
user_759,job_search,2026-08-18 00:25:42.615054,157304.0,direct
user_496,application_started,2026-08-10 01:25:42.615054,91891.0,referral
user_521,job_search,2026-08-30 12:25:42.615054,84699.0,direct
user_548,application_started,2026-08-24 20:25:42.615054,69612.0,linkedin
user_926,page_view,2026-08-05 05:25:42.615054,169777.0,linkedin
user_301,application_started,2026-09-01 09:25:42.615054,,linkedin
user_906,job_search,2026-08-18 07:25:42.615054,147177.0,direct
user_497,job_search,2026-08-23 19:25:42.615054,155504.0,google
user_340,application_started,2026-08-29 09:25:42.615054,156226.0,referral
user_699,application_submitted,2026-08-25 07:25:42.615054,60883.0,direct
user_899,application_submitted,2026-08-24 08:25:42.615054,45822.0,direct
user_847,application_submitted,2026-08-02 10:25:42.615054,,linkedin
user_696,page_view,2026-08-04 09:25:42.615054,115895.0,linkedin
user_143,application_submitted,2026-08-21 13:25:42.615054,116944.0,google
user_157,job_search,2026-08-21 13:25:42.615054,59221.0,referral
user_765,application_submitted,2026-08-04 01:25:42.615054,191374.0,linkedin
user_422,page_view,2026-08-22 12:25:42.615054,80383.0,referral
user_676,job_search,2026-08-15 18:25:42.615054,166767.0,direct
user_571,page_view,2026-08-29 06:25:42.615054,168075.0,direct
user_719,page_view,2026-08-06 21:25:42.615054,156397.0,referral
user_468,job_search,2026-08-11 03:25:42.615054,169168.0,referral
user_17,application_submitted,2026-08-02 11:25:42.615054,125857.0,linkedin
user_432,page_view,2026-08-25 17:25:42.615054,143350.0,referral
user_100,page_view,2026-08-28 08:25:42.615054,58060.0,google
user_505,application_submitted,2026-08-15 17:25:42.615054,155396.0,referral
user_266,job_search,2026-08-28 07:25:42.615054,175715.0,linkedin
user_763,page_view,2026-08-25 17:25:42.615054,73836.0,linkedin
user_415,application_submitted,2026-08-25 22:25:42.615054,139794.0,referral
user_196,page_view,2026-08-04 09:25:42.615054,188849.0,direct
user_301,page_view,2026-08-02 04:25:42.615054,103902.0,linkedin
user_880,job_search,2026-08-15 10:25:42.615054,70247.0,direct
user_724,application_started,2026-08-04 16:25:42.615054,183869.0,referral
user_370,application_submitted,2026-08-01 22:25:42.615054,197360.0,linkedin
user_802,application_submitted,2026-08-18 23:25:42.615054,136262.0,referral
user_231,page_view,2026-08-02 11:25:42.615054,,referral
user_961,application_started,2026-08-08 19:25:42.615054,161616.0,linkedin
user_634,page_view,2026-08-02 04:25:42.615054,76339.0,direct
user_584,page_view,2026-08-31 02:25:42.615054,77886.0,linkedin
user_12,page_view,2026-08-19 01:25:42.615054,43249.0,google
user_621,application_started,2026-08-07 08:25:42.615054,153969.0,google
user_119,page_view,2026-08-24 06:25:42.615054,,google
user_313,application_submitted,2026-08-17 00:25:42.615054,197498.0,linkedin
user_493,job_search,2026-08-04 20:25:42.615054,62549.0,referral
user_117,page_view,2026-08-28 09:25:42.615054,158998.0,linkedin
user_643,page_view,2026-08-11 11:25:42.615054,195018.0,linkedin
user_209,application_started,2026-08-10 01:25:42.615054,,direct
user_12,page_view,2026-08-01 15:25:42.615054,123223.0,direct
user_822,job_search,2026-08-04 21:25:42.615054,139096.0,linkedin
user_5,job_search,2026-08-09 15:25:42.615054,129236.0,google
user_214,application_submitted,2026-08-15 04:25:42.615054,45240.0,google
user_565,application_started,2026-08-06 15:25:42.615054,132504.0,referral
user_445,application_submitted,2026-08-24 10:25:42.615054,106943.0,referral
user_34,application_started,2026-08-04 02:25:42.615054,167073.0,linkedin
user_968,page_view,2026-08-04 22:25:42.615054,,linkedin
user_167,page_view,2026-08-18 06:25:42.615054,49572.0,referral
user_11,page_view,2026-08-17 13:25:42.615054,126261.0,google
user_903,job_search,2026-08-07 00:25:42.615054,97041.0,direct
user_770,page_view,2026-08-26 20:25:42.615054,119044.0,referral
user_293,application_started,2026-08-28 02:25:42.615054,154262.0,linkedin
user_701,application_started,2026-08-28 13:25:42.615054,185026.0,referral
user_353,application_started,2026-08-23 04:25:42.615054,118007.0,google
user_120,page_view,2026-08-21 19:25:42.615054,62452.0,referral
user_568,application_submitted,2026-08-02 11:25:42.615054,,referral
user_826,application_submitted,2026-08-16 03:25:42.615054,49022.0,referral
user_193,job_search,2026-08-03 15:25:42.615054,140907.0,google
user_709,application_started,2026-08-26 14:25:42.615054,,linkedin
user_499,page_view,2026-08-04 01:25:42.615054,76905.0,linkedin
user_776,job_search,2026-08-29 23:25:42.615054,69479.0,google
user_493,page_view,2026-08-14 13:25:42.615054,110142.0,linkedin
user_939,job_search,2026-08-10 16:25:42.615054,174266.0,direct
user_24,application_started,2026-08-29 06:25:42.615054,164629.0,referral
user_800,job_search,2026-08-09 10:25:42.615054,159214.0,linkedin
user_248,application_submitted,2026-08-06 16:25:42.615054,61308.0,direct
user_651,application_started,2026-08-22 12:25:42.615054,196558.0,referral
user_535,job_search,2026-08-05 15:25:42.615054,119904.0,direct
user_273,page_view,2026-08-30 07:25:42.615054,196474.0,referral
user_170,page_view,2026-08-07 15:25:42.615054,103275.0,referral
user_644,page_view,2026-08-12 15:25:42.615054,165947.0,referral
user_169,job_search,2026-08-12 21:25:42.615054,151375.0,direct
user_939,job_search,2026-08-09 00:25:42.615054,51529.0,linkedin
user_682,application_submitted,2026-08-24 12:25:42.615054,98433.0,referral
user_27,application_started,2026-08-19 16:25:42.615054,185110.0,linkedin
user_267,application_started,2026-08-03 23:25:42.615054,,referral
user_714,page_view,2026-08-30 09:25:42.615054,152198.0,referral
user_105,application_submitted,2026-08-28 22:25:42.615054,181395.0,google
user_677,application_started,2026-08-30 11:25:42.615054,111734.0,google
user_181,page_view,2026-08-09 15:25:42.615054,142340.0,google
user_600,page_view,2026-08-05 09:25:42.615054,79348.0,direct
user_661,application_started,2026-08-11 05:25:42.615054,113171.0,linkedin
user_83,application_submitted,2026-08-16 18:25:42.615054,158334.0,direct
user_113,page_view,2026-08-15 20:25:42.615054,47768.0,direct
user_431,application_submitted,2026-08-30 19:25:42.615054,,linkedin
user_114,application_submitted,2026-08-15 15:25:42.615054,155081.0,google
user_442,page_view,2026-08-23 05:25:42.615054,151916.0,referral
user_746,job_search,2026-08-16 15:25:42.615054,,google
user_911,page_view,2026-08-04 03:25:42.615054,108673.0,linkedin
user_957,application_started,2026-08-12 09:25:42.615054,58086.0,direct
user_862,application_started,2026-08-13 10:25:42.615054,141686.0,direct
user_933,application_started,2026-08-08 16:25:42.615054,124952.0,linkedin
user_546,application_submitted,2026-08-10 11:25:42.615054,147103.0,referral
user_909,page_view,2026-08-21 09:25:42.615054,122115.0,google
user_560,page_view,2026-08-11 18:25:42.615054,70020.0,linkedin
user_126,application_started,2026-08-17 05:25:42.615054,168595.0,google
user_222,application_started,2026-08-23 22:25:42.615054,138597.0,linkedin
user_23,application_submitted,2026-08-10 11:25:42.615054,181674.0,google
user_907,application_submitted,2026-08-08 09:25:42.615054,97720.0,referral
user_144,job_search,2026-08-10 20:25:42.615054,,google
user_501,application_submitted,2026-08-15 11:25:42.615054,150607.0,google
user_189,application_submitted,2026-08-15 23:25:42.616065,133189.0,direct
user_620,job_search,2026-08-16 10:25:42.616065,108199.0,referral
user_716,application_started,2026-08-26 05:25:42.616065,120284.0,google
user_856,page_view,2026-08-01 20:25:42.616065,124896.0,linkedin
user_309,page_view,2026-08-05 02:25:42.616065,104105.0,referral
user_853,page_view,2026-08-06 12:25:42.616065,41231.0,referral
user_698,application_started,2026-08-20 01:25:42.616065,181187.0,google
user_243,application_submitted,2026-08-16 02:25:42.616065,98568.0,referral
user_35,application_started,2026-08-15 00:25:42.616065,77598.0,referral
user_129,page_view,2026-08-01 20:25:42.616065,135881.0,direct
user_777,page_view,2026-08-03 04:25:42.616065,83280.0,google
user_667,page_view,2026-08-09 02:25:42.616065,137174.0,referral
user_160,job_search,2026-08-20 04:25:42.616065,160089.0,linkedin
user_602,application_started,2026-08-28 15:25:42.616065,129475.0,google
user_753,page_view,2026-08-07 09:25:42.616065,157214.0,referral
user_254,application_submitted,2026-08-03 15:25:42.616065,133778.0,google
user_204,application_started,2026-08-12 08:25:42.616065,125533.0,referral
user_999,application_started,2026-08-19 14:25:42.616065,129818.0,referral
user_493,job_search,2026-08-30 19:25:42.616065,77587.0,google
user_678,job_search,2026-08-13 23:25:42.616065,173862.0,linkedin
user_767,page_view,2026-08-19 19:25:42.616065,145508.0,referral
user_402,application_started,2026-09-01 05:25:42.616065,181235.0,referral
user_409,page_view,2026-08-24 23:25:42.616065,84712.0,linkedin
user_423,application_started,2026-08-30 03:25:42.616065,,google
user_516,page_view,2026-08-18 22:25:42.616065,88985.0,linkedin
user_317,application_started,2026-08-21 19:25:42.616065,96243.0,linkedin
user_855,page_view,2026-08-25 18:25:42.616065,,google
user_55,page_view,2026-08-12 18:25:42.616065,92460.0,google
user_948,application_started,2026-08-18 08:25:42.616065,122839.0,referral
user_264,job_search,2026-08-25 16:25:42.616065,134420.0,linkedin
user_527,application_started,2026-08-01 22:25:42.616065,165777.0,direct
user_660,application_started,2026-08-09 17:25:42.616065,161214.0,referral
user_389,application_submitted,2026-08-22 01:25:42.616065,144536.0,google
user_541,job_search,2026-08-03 14:25:42.616065,79728.0,direct
user_489,job_search,2026-08-22 10:25:42.616065,183357.0,linkedin
user_156,application_started,2026-08-03 13:25:42.616065,147346.0,linkedin
user_861,application_submitted,2026-08-18 04:25:42.616065,55425.0,direct
user_695,application_submitted,2026-08-07 03:25:42.616065,199824.0,linkedin
user_161,application_submitted,2026-08-31 05:25:42.616065,,linkedin
user_811,job_search,2026-08-23 03:25:42.616065,184583.0,linkedin
user_206,application_started,2026-08-17 18:25:42.616065,77438.0,linkedin
user_282,application_submitted,2026-08-08 05:25:42.616065,160413.0,google
user_984,application_submitted,2026-08-14 10:25:42.616065,,linkedin
user_662,application_submitted,2026-08-28 12:25:42.616065,,google
user_682,page_view,2026-08-15 15:25:42.616065,194520.0,referral
user_529,application_started,2026-08-27 03:25:42.616065,113892.0,referral
user_912,page_view,2026-08-20 04:25:42.616065,,direct
user_614,application_started,2026-08-27 02:25:42.616065,,linkedin
user_88,page_view,2026-08-01 22:25:42.616065,96311.0,google
user_116,application_submitted,2026-08-16 13:25:42.616065,198777.0,direct
user_345,application_submitted,2026-08-12 00:25:42.616065,165451.0,google
user_891,page_view,2026-08-06 21:25:42.616065,127211.0,direct
user_893,job_search,2026-08-21 15:25:42.616065,116623.0,direct
user_149,application_started,2026-08-21 20:25:42.616065,99773.0,google
user_951,application_started,2026-08-20 02:25:42.616065,109124.0,google
user_531,page_view,2026-08-29 23:25:42.616065,46083.0,linkedin
user_240,page_view,2026-08-02 14:25:42.616065,96772.0,direct
user_545,application_started,2026-08-20 14:25:42.616065,187374.0,direct
user_656,application_submitted,2026-08-23 02:25:42.616065,87933.0,linkedin
user_687,page_view,2026-08-03 23:25:42.616065,101353.0,referral
user_606,page_view,2026-08-16 07:25:42.616065,,google
user_222,job_search,2026-08-13 11:25:42.616065,194356.0,linkedin
user_260,application_started,2026-08-10 22:25:42.616065,188335.0,linkedin
user_400,page_view,2026-08-11 03:25:42.616065,,linkedin
user_908,job_search,2026-08-08 04:25:42.616065,127023.0,linkedin
user_941,page_view,2026-08-04 03:25:42.616065,167362.0,referral
user_921,application_started,2026-08-30 06:25:42.616065,56329.0,google
user_903,application_submitted,2026-08-18 05:25:42.616065,168154.0,referral
user_34,application_started,2026-08-09 00:25:42.616065,190263.0,direct
user_694,application_submitted,2026-08-28 07:25:42.616065,144302.0,referral
user_989,application_submitted,2026-08-10 14:25:42.616065,193829.0,linkedin
user_181,application_submitted,2026-08-07 04:25:42.616065,131806.0,referral
user_952,application_submitted,2026-08-18 05:25:42.616065,112003.0,linkedin
user_798,job_search,2026-08-09 15:25:42.616065,168399.0,google
user_934,page_view,2026-08-15 13:25:42.616065,84714.0,linkedin
user_309,page_view,2026-08-16 09:25:42.616065,171582.0,google
user_67,application_started,2026-08-31 09:25:42.616065,198728.0,direct
user_388,application_started,2026-08-22 14:25:42.616065,66857.0,direct
user_699,job_search,2026-08-12 23:25:42.616065,52721.0,referral
user_494,application_submitted,2026-08-21 04:25:42.616065,44377.0,linkedin
user_621,job_search,2026-08-20 18:25:42.616065,103893.0,direct
user_221,job_search,2026-09-01 06:25:42.616065,152259.0,linkedin
user_630,application_started,2026-08-17 04:25:42.616065,160132.0,direct
user_866,application_started,2026-08-06 02:25:42.616065,137376.0,google
user_148,job_search,2026-08-10 03:25:42.616065,53772.0,referral
user_546,application_started,2026-08-05 16:25:42.616065,122907.0,referral
user_778,job_search,2026-08-16 12:25:42.616065,90484.0,direct
user_847,application_started,2026-08-17 23:25:42.616065,,direct
user_421,application_started,2026-08-15 10:25:42.616065,178955.0,linkedin
user_804,page_view,2026-08-02 10:25:42.616065,120557.0,linkedin
user_832,application_started,2026-08-21 11:25:42.616065,165582.0,google
user_210,job_search,2026-08-26 23:25:42.616065,185805.0,direct
user_719,application_started,2026-08-02 01:25:42.616065,177458.0,direct
user_425,application_started,2026-08-11 22:25:42.616065,120574.0,referral
user_203,application_started,2026-08-15 14:25:42.616065,152579.0,google
user_392,page_view,2026-08-25 20:25:42.616065,102540.0,referral
user_369,page_view,2026-08-29 09:25:42.616065,139662.0,direct
user_743,application_submitted,2026-08-22 08:25:42.616065,124619.0,google
user_334,application_submitted,2026-08-18 21:25:42.616065,172062.0,direct
user_905,application_started,2026-08-14 23:25:42.616065,130467.0,google
user_890,application_started,2026-08-25 09:25:42.616065,53666.0,referral
user_815,application_started,2026-08-31 02:25:42.616065,88586.0,direct
user_503,job_search,2026-08-07 20:25:42.616065,148782.0,google
user_164,application_started,2026-08-26 01:25:42.616065,,direct
user_543,page_view,2026-08-23 11:25:42.616065,165622.0,google
user_161,job_search,2026-08-15 18:25:42.616065,127932.0,referral
user_829,job_search,2026-08-10 01:25:42.616065,173780.0,direct
user_895,application_started,2026-08-20 01:25:42.616065,196769.0,direct
user_847,application_started,2026-08-23 18:25:42.616065,,referral
user_365,application_submitted,2026-08-30 01:25:42.616065,187528.0,direct
user_816,page_view,2026-08-16 05:25:42.616065,155517.0,google
user_663,application_submitted,2026-08-08 19:25:42.616065,162760.0,linkedin
user_675,job_search,2026-08-30 15:25:42.616065,176061.0,direct
user_685,application_submitted,2026-08-18 03:25:42.616065,,linkedin
user_988,job_search,2026-08-15 05:25:42.616065,132113.0,google
user_737,job_search,2026-08-15 21:25:42.616065,101713.0,referral
user_685,page_view,2026-08-25 18:25:42.616065,78928.0,direct
user_99,job_search,2026-08-30 23:25:42.616065,139019.0,direct
user_416,application_started,2026-08-19 00:25:42.616065,130508.0,linkedin
user_386,application_started,2026-08-16 10:25:42.616065,71045.0,direct
user_486,application_submitted,2026-08-14 12:25:42.616065,132997.0,linkedin
user_527,application_submitted,2026-08-24 11:25:42.616065,54145.0,direct
user_423,job_search,2026-08-16 19:25:42.616065,91407.0,referral
user_384,page_view,2026-08-17 04:25:42.616065,75011.0,referral
user_151,application_started,2026-08-21 05:25:42.616065,,linkedin
user_877,application_submitted,2026-08-09 15:25:42.616065,57160.0,direct
user_263,application_submitted,2026-08-26 03:25:42.616065,,linkedin
user_577,application_submitted,2026-08-02 06:25:42.616065,138469.0,direct
user_941,application_submitted,2026-08-18 13:25:42.616065,118349.0,google
user_790,application_started,2026-08-09 18:25:42.616065,155883.0,direct
user_543,application_submitted,2026-08-12 20:25:42.616065,172480.0,linkedin
user_574,application_submitted,2026-08-11 21:25:42.616065,191516.0,referral
user_350,application_started,2026-08-06 16:25:42.616065,45875.0,referral
user_445,application_submitted,2026-08-31 08:25:42.616065,80870.0,referral
user_298,job_search,2026-08-01 19:25:42.616065,191097.0,referral
user_906,application_started,2026-08-09 07:25:42.616065,163917.0,google
user_819,application_submitted,2026-08-15 04:25:42.616065,172681.0,direct
user_479,job_search,2026-08-01 15:25:42.616065,,linkedin
user_993,application_submitted,2026-08-30 06:25:42.616065,,linkedin
user_422,application_started,2026-08-31 07:25:42.616065,104682.0,google
user_578,application_started,2026-08-10 18:25:42.616065,59037.0,linkedin
user_36,page_view,2026-08-21 21:25:42.616065,122407.0,linkedin
user_86,job_search,2026-08-28 01:25:42.616065,177218.0,google
user_330,job_search,2026-08-09 02:25:42.616065,63957.0,linkedin
user_32,application_started,2026-08-25 03:25:42.616065,155429.0,referral
user_37,job_search,2026-08-22 09:25:42.616065,81410.0,google
user_689,application_submitted,2026-08-12 19:25:42.616065,76218.0,referral
user_732,application_started,2026-08-14 03:25:42.616065,195777.0,referral
user_461,page_view,2026-08-06 17:25:42.616065,159643.0,linkedin
user_785,page_view,2026-08-08 01:25:42.616065,66386.0,direct
user_163,page_view,2026-08-09 16:25:42.616065,163521.0,referral
user_652,application_submitted,2026-08-09 11:25:42.616065,151003.0,google
user_763,job_search,2026-08-11 04:25:42.616065,47149.0,referral
user_790,page_view,2026-08-30 03:25:42.616065,48076.0,linkedin
user_648,application_submitted,2026-08-11 23:25:42.616065,128109.0,google
user_869,application_started,2026-08-13 19:25:42.616065,183216.0,direct
user_808,application_started,2026-08-21 15:25:42.616065,88914.0,referral
user_759,page_view,2026-08-04 06:25:42.616065,58712.0,linkedin
user_491,job_search,2026-08-08 16:25:42.616065,158458.0,referral
user_452,page_view,2026-08-27 06:25:42.616065,115088.0,linkedin
user_274,job_search,2026-08-17 13:25:42.616065,64731.0,referral
user_241,application_started,2026-08-19 10:25:42.616065,189268.0,linkedin
user_174,application_started,2026-08-03 16:25:42.616065,111779.0,google
user_501,job_search,2026-08-30 10:25:42.616065,193456.0,linkedin
user_646,job_search,2026-08-17 01:25:42.616065,58973.0,direct
user_522,application_submitted,2026-08-26 00:25:42.616065,,referral
user_525,application_submitted,2026-08-22 03:25:42.616065,47811.0,referral
user_907,page_view,2026-08-15 16:25:42.616065,,linkedin
user_649,page_view,2026-08-04 13:25:42.616065,66056.0,linkedin
user_713,job_search,2026-08-02 07:25:42.616065,173044.0,referral
user_770,application_submitted,2026-09-01 02:25:42.616065,193332.0,direct
user_797,application_submitted,2026-08-12 10:25:42.616065,173653.0,direct
user_594,job_search,2026-08-06 20:25:42.616065,175862.0,google
user_877,application_submitted,2026-08-21 13:25:42.616065,69030.0,direct
user_959,application_submitted,2026-08-05 01:25:42.616065,76596.0,google
user_101,job_search,2026-08-19 17:25:42.616065,193003.0,google
user_393,application_started,2026-08-04 03:25:42.616065,190539.0,referral
user_851,page_view,2026-08-28 14:25:42.616065,75764.0,google
user_304,application_submitted,2026-08-25 09:25:42.616065,,google
user_520,application_started,2026-08-14 20:25:42.616065,159337.0,google
user_757,page_view,2026-08-12 17:25:42.616065,197864.0,linkedin
user_510,job_search,2026-08-07 16:25:42.616065,96680.0,google
user_982,page_view,2026-08-16 18:25:42.616065,94055.0,direct
user_248,page_view,2026-08-22 22:25:42.616065,172541.0,linkedin
user_192,job_search,2026-08-29 18:25:42.616065,113963.0,linkedin
user_380,application_submitted,2026-08-30 08:25:42.616065,104563.0,linkedin
user_119,job_search,2026-08-06 07:25:42.616065,48558.0,google
user_454,page_view,2026-08-11 19:25:42.616065,127106.0,linkedin
user_468,page_view,2026-08-02 08:25:42.616065,58457.0,referral
user_418,job_search,2026-08-12 21:25:42.616065,78062.0,google
user_649,application_started,2026-08-04 19:25:42.616065,107918.0,referral
user_379,application_started,2026-08-21 05:25:42.616065,183686.0,direct
user_535,job_search,2026-08-19 11:25:42.616065,56365.0,direct
user_922,job_search,2026-08-27 15:25:42.616065,120587.0,google
user_28,application_started,2026-08-25 07:25:42.616065,,linkedin
user_216,application_submitted,2026-08-10 04:25:42.616065,154013.0,linkedin
user_914,application_submitted,2026-08-06 05:25:42.616065,71892.0,direct
user_20,application_started,2026-08-26 06:25:42.616065,65888.0,linkedin
user_912,application_started,2026-08-10 06:25:42.616065,138352.0,referral
user_808,page_view,2026-08-31 00:25:42.616065,115102.0,google
user_930,page_view,2026-08-26 13:25:42.616065,142423.0,referral
user_893,job_search,2026-08-26 09:25:42.616065,186510.0,referral
user_656,application_started,2026-08-15 07:25:42.616065,148170.0,google
user_415,application_started,2026-08-26 02:25:42.616065,113855.0,referral
user_431,application_started,2026-08-19 15:25:42.616065,54354.0,referral
user_1,job_search,2026-08-06 21:25:42.616065,,direct
user_747,page_view,2026-08-12 00:25:42.616065,103532.0,direct
user_183,page_view,2026-08-14 12:25:42.616065,96303.0,referral
user_625,application_submitted,2026-08-07 03:25:42.616065,83350.0,google
user_314,page_view,2026-08-04 08:25:42.616065,101117.0,direct
user_611,application_submitted,2026-08-22 22:25:42.616065,157018.0,linkedin
user_837,application_started,2026-08-25 05:25:42.616065,80122.0,google
user_819,page_view,2026-08-28 01:25:42.616065,93561.0,referral
user_900,application_started,2026-08-31 03:25:42.616065,149719.0,referral
user_379,application_submitted,2026-08-27 19:25:42.616065,197296.0,linkedin
user_844,page_view,2026-08-07 16:25:42.616065,110431.0,direct
user_975,application_submitted,2026-08-11 20:25:42.616065,162841.0,google
user_278,job_search,2026-08-05 23:25:42.616065,118844.0,google
user_337,page_view,2026-08-20 14:25:42.616065,77911.0,referral
user_893,application_started,2026-08-31 21:25:42.616065,83382.0,linkedin
user_847,application_submitted,2026-08-01 23:25:42.616065,,google
user_163,application_submitted,2026-08-09 09:25:42.616065,91506.0,direct
user_816,application_submitted,2026-08-12 13:25:42.616065,112909.0,linkedin
user_151,application_submitted,2026-08-09 16:25:42.616065,168014.0,direct
user_801,application_started,2026-08-27 08:25:42.616065,101930.0,direct
user_909,application_submitted,2026-08-30 09:25:42.616065,107494.0,direct
user_945,application_started,2026-08-09 01:25:42.616065,41731.0,google
user_906,application_started,2026-08-15 22:25:42.616065,58495.0,google
user_477,application_submitted,2026-08-20 16:25:42.616065,87731.0,referral
user_912,application_started,2026-08-06 18:25:42.616065,69602.0,linkedin
user_621,application_submitted,2026-08-06 13:25:42.616065,123545.0,google
user_946,page_view,2026-08-09 22:25:42.616065,191816.0,direct
user_663,page_view,2026-08-23 17:25:42.616065,,referral
user_797,job_search,2026-08-27 17:25:42.616065,124970.0,google
user_296,job_search,2026-08-30 14:25:42.616065,117911.0,direct
user_376,application_started,2026-08-03 00:25:42.616065,104642.0,google
user_982,application_started,2026-08-28 04:25:42.616065,71252.0,linkedin
user_254,application_submitted,2026-08-30 14:25:42.616065,180291.0,direct
user_761,application_submitted,2026-08-01 16:25:42.616065,160456.0,linkedin
user_124,job_search,2026-08-19 04:25:42.616065,116420.0,google
user_188,page_view,2026-08-12 06:25:42.616065,153075.0,linkedin
user_92,job_search,2026-08-14 20:25:42.616065,188357.0,google
user_893,application_submitted,2026-08-07 22:25:42.616065,189853.0,google
user_436,job_search,2026-08-28 08:25:42.616065,165404.0,direct
user_664,application_started,2026-08-23 16:25:42.616065,151002.0,linkedin
user_650,job_search,2026-08-26 21:25:42.616065,85068.0,linkedin
user_308,application_submitted,2026-08-30 04:25:42.616065,140924.0,linkedin
user_696,job_search,2026-08-25 11:25:42.616065,173422.0,google
user_607,application_submitted,2026-08-22 10:25:42.616065,91523.0,direct
user_737,application_submitted,2026-08-20 02:25:42.616065,58509.0,linkedin
user_222,page_view,2026-08-29 22:25:42.616065,,direct
user_864,application_submitted,2026-08-01 14:25:42.616065,70809.0,referral
user_0,page_view,2026-08-24 00:25:42.616065,85687.0,linkedin
user_689,job_search,2026-08-27 08:25:42.616065,74429.0,linkedin
user_364,application_submitted,2026-08-26 17:25:42.616065,129995.0,linkedin
user_243,job_search,2026-08-20 02:25:42.616065,98910.0,linkedin
user_656,page_view,2026-08-30 06:25:42.616065,,direct
user_952,application_submitted,2026-08-28 09:25:42.616065,165621.0,direct
user_689,application_started,2026-08-18 13:25:42.616065,161415.0,direct
user_833,application_submitted,2026-08-16 06:25:42.616065,167043.0,direct
user_551,job_search,2026-08-26 23:25:42.616065,88166.0,google
user_137,page_view,2026-08-22 08:25:42.616065,51627.0,google
user_581,application_submitted,2026-08-04 05:25:42.616065,106035.0,google
user_828,job_search,2026-08-18 04:25:42.616065,84378.0,google
user_284,page_view,2026-08-21 21:25:42.616065,182879.0,direct
user_86,application_started,2026-09-01 12:25:42.616065,153625.0,direct
user_386,page_view,2026-08-02 11:25:42.616065,72429.0,referral
user_21,application_started,2026-08-16 22:25:42.616065,68674.0,linkedin
user_210,page_view,2026-08-15 10:25:42.616065,157728.0,referral
user_643,application_submitted,2026-08-31 06:25:42.616065,114734.0,referral
user_543,application_submitted,2026-08-02 02:25:42.616065,110700.0,direct
user_439,page_view,2026-08-03 05:25:42.616065,54574.0,linkedin
user_69,application_started,2026-08-13 02:25:42.616065,80903.0,google
user_762,application_started,2026-08-20 06:25:42.616065,147036.0,direct
user_996,application_submitted,2026-08-26 21:25:42.616065,,referral
user_122,application_submitted,2026-08-15 19:25:42.616065,83867.0,linkedin
user_801,application_submitted,2026-08-19 13:25:42.616065,118575.0,referral
user_12,application_submitted,2026-08-20 14:25:42.616065,178469.0,google
user_257,application_submitted,2026-08-10 11:25:42.616065,119950.0,google
user_658,application_submitted,2026-08-24 05:25:42.616065,112966.0,referral
user_98,page_view,2026-08-16 02:25:42.616065,74745.0,google
user_250,job_search,2026-08-10 18:25:42.616065,185117.0,linkedin
user_284,application_started,2026-08-25 23:25:42.616065,161703.0,google
user_879,job_search,2026-08-30 16:25:42.616065,,linkedin
user_374,application_started,2026-08-17 07:25:42.616065,194614.0,linkedin
user_23,job_search,2026-08-08 08:25:42.616065,96942.0,direct
user_685,application_started,2026-08-05 15:25:42.616065,69955.0,referral
user_528,page_view,2026-08-10 21:25:42.616065,183339.0,google
user_161,application_submitted,2026-08-19 18:25:42.616065,109349.0,referral
user_835,job_search,2026-08-06 00:25:42.617064,153014.0,linkedin
user_788,page_view,2026-08-09 11:25:42.617064,83739.0,linkedin
user_55,application_started,2026-08-14 09:25:42.617064,110469.0,linkedin
user_301,job_search,2026-08-31 00:25:42.617064,177361.0,google
user_259,job_search,2026-08-20 22:25:42.617064,94297.0,google
user_993,job_search,2026-08-15 20:25:42.617064,53609.0,linkedin
user_873,job_search,2026-08-09 17:25:42.617064,176947.0,linkedin
user_315,job_search,2026-08-15 21:25:42.617064,,direct
user_772,job_search,2026-08-25 08:25:42.617064,93713.0,google
user_597,job_search,2026-08-05 22:25:42.617064,80518.0,referral
user_392,application_submitted,2026-08-19 11:25:42.617064,63153.0,direct
user_5,application_started,2026-08-07 19:25:42.617064,165151.0,direct
user_627,application_submitted,2026-08-12 04:25:42.617064,51094.0,referral
user_140,application_submitted,2026-08-02 14:25:42.617064,,direct
user_788,application_submitted,2026-08-10 12:25:42.617064,51370.0,referral
user_120,application_started,2026-08-23 01:25:42.617064,177991.0,google
user_100,application_submitted,2026-08-01 19:25:42.617064,41533.0,direct
user_281,page_view,2026-09-01 02:25:42.617064,153030.0,google
user_841,application_submitted,2026-08-22 13:25:42.617064,108542.0,direct
user_41,job_search,2026-08-26 02:25:42.617064,190265.0,linkedin
user_275,application_submitted,2026-08-18 03:25:42.617064,198977.0,referral
user_661,application_started,2026-08-31 12:25:42.617064,99247.0,referral
user_748,page_view,2026-08-03 05:25:42.617064,57630.0,referral
user_627,page_view,2026-08-20 16:25:42.617064,59724.0,linkedin
user_269,job_search,2026-08-21 01:25:42.617064,119850.0,google
user_678,application_started,2026-08-18 03:25:42.617064,157046.0,linkedin
user_93,application_started,2026-08-09 22:25:42.617064,,google
user_663,page_view,2026-08-24 01:25:42.617064,107060.0,referral
user_282,page_view,2026-08-26 00:25:42.617064,162218.0,google
user_796,application_started,2026-08-15 00:25:42.617064,95999.0,referral
user_40,application_started,2026-08-02 23:25:42.617064,45106.0,referral
user_640,job_search,2026-08-04 15:25:42.617064,99812.0,google
user_533,application_started,2026-08-17 11:25:42.617064,,referral
user_239,job_search,2026-08-31 16:25:42.617064,158610.0,linkedin
user_217,application_submitted,2026-08-11 04:25:42.617064,124549.0,direct
user_542,application_started,2026-08-15 12:25:42.617064,161862.0,referral
user_453,page_view,2026-08-12 15:25:42.617064,114412.0,linkedin
user_126,application_started,2026-08-20 19:25:42.617064,172278.0,referral
user_634,application_started,2026-08-11 00:25:42.617064,157454.0,google
user_750,application_submitted,2026-08-26 03:25:42.617064,74129.0,google
user_508,page_view,2026-08-21 03:25:42.617064,,direct
user_798,application_submitted,2026-08-07 01:25:42.617064,,referral
user_546,job_search,2026-08-21 11:25:42.617064,191809.0,direct
user_518,application_submitted,2026-08-22 10:25:42.617064,87602.0,direct
user_667,page_view,2026-08-05 17:25:42.617064,191494.0,referral
user_879,application_started,2026-08-08 23:25:42.617064,142527.0,google
user_594,application_submitted,2026-08-06 23:25:42.617064,93215.0,linkedin
user_51,application_submitted,2026-08-31 05:25:42.617064,138868.0,google
user_960,page_view,2026-08-20 22:25:42.617064,123848.0,direct
user_365,job_search,2026-08-06 12:25:42.617064,158576.0,direct
user_201,page_view,2026-08-03 06:25:42.617064,45061.0,referral
user_663,job_search,2026-08-10 10:25:42.617064,152263.0,linkedin
user_838,page_view,2026-08-06 19:25:42.617064,62097.0,linkedin
user_914,job_search,2026-08-03 04:25:42.617064,161166.0,google
user_298,page_view,2026-08-01 20:25:42.617064,143495.0,google
user_655,job_search,2026-08-05 23:25:42.617064,,linkedin
user_363,application_submitted,2026-08-25 01:25:42.617064,69330.0,google
user_514,application_started,2026-08-17 15:25:42.617064,195217.0,google
user_507,application_started,2026-08-31 05:25:42.617064,160192.0,direct
user_910,application_started,2026-08-07 06:25:42.617064,87774.0,direct
user_261,application_submitted,2026-08-01 19:25:42.617064,174435.0,linkedin
user_553,application_started,2026-08-24 21:25:42.617064,81085.0,linkedin
user_373,application_submitted,2026-08-14 23:25:42.617064,104132.0,linkedin
user_947,job_search,2026-08-09 07:25:42.617064,145883.0,linkedin
user_396,page_view,2026-08-14 23:25:42.617064,159523.0,google
user_100,application_started,2026-08-25 09:25:42.617064,,referral
user_579,application_submitted,2026-08-25 00:25:42.617064,184252.0,referral
user_169,application_submitted,2026-08-10 20:25:42.617064,73900.0,linkedin
user_770,page_view,2026-08-25 01:25:42.617064,158663.0,google
user_250,application_started,2026-08-13 04:25:42.617064,66669.0,referral
user_492,page_view,2026-08-03 02:25:42.617064,125779.0,linkedin
user_509,page_view,2026-08-14 07:25:42.617064,134440.0,linkedin
user_416,application_submitted,2026-08-09 17:25:42.617064,,linkedin
user_867,application_started,2026-08-03 14:25:42.617064,,referral
user_591,application_submitted,2026-08-14 16:25:42.617064,60140.0,referral
user_899,application_submitted,2026-08-05 11:25:42.617064,158710.0,direct
user_717,application_submitted,2026-08-06 23:25:42.617064,72631.0,referral
user_331,application_started,2026-08-22 21:25:42.617064,188676.0,google
user_687,application_submitted,2026-08-06 16:25:42.617064,60463.0,referral
user_120,page_view,2026-08-20 00:25:42.617064,42113.0,google
user_646,application_started,2026-08-12 21:25:42.617064,157998.0,linkedin
user_430,page_view,2026-09-01 12:25:42.617064,87466.0,direct
user_203,application_started,2026-08-07 07:25:42.617064,193816.0,direct
user_51,job_search,2026-08-10 04:25:42.617064,,google
user_342,application_started,2026-08-15 18:25:42.617064,197789.0,referral
user_547,job_search,2026-08-14 17:25:42.617064,91741.0,google
user_74,application_submitted,2026-08-26 15:25:42.617064,,google
user_81,application_started,2026-08-03 13:25:42.617064,41743.0,google
user_940,job_search,2026-08-27 17:25:42.617064,79478.0,linkedin
user_646,application_started,2026-08-22 19:25:42.617064,125392.0,direct
user_850,job_search,2026-08-19 00:25:42.617064,170934.0,google
user_983,page_view,2026-08-12 19:25:42.617064,177478.0,direct
user_372,page_view,2026-08-09 13:25:42.617064,187942.0,linkedin
user_901,page_view,2026-08-04 15:25:42.617064,53566.0,direct
user_878,job_search,2026-08-18 05:25:42.617064,167244.0,linkedin
user_960,page_view,2026-08-10 09:25:42.617064,181812.0,google
user_454,application_submitted,2026-08-26 19:25:42.617064,174458.0,google
user_704,page_view,2026-08-29 21:25:42.617064,181794.0,referral
user_43,job_search,2026-08-17 12:25:42.617064,107216.0,google
user_776,application_submitted,2026-08-10 13:25:42.617064,73619.0,referral
user_511,job_search,2026-08-03 02:25:42.617064,152721.0,google
user_49,application_started,2026-08-18 12:25:42.617064,100783.0,google
user_135,page_view,2026-08-30 18:25:42.617064,123224.0,linkedin
user_51,application_started,2026-08-10 04:25:42.617064,48400.0,referral
user_113,application_submitted,2026-08-26 18:25:42.617064,70976.0,referral
user_460,page_view,2026-08-11 06:25:42.617064,198733.0,google
user_390,page_view,2026-08-31 22:25:42.617064,130360.0,referral
user_797,application_started,2026-08-13 00:25:42.617064,,linkedin
user_446,job_search,2026-08-03 14:25:42.617064,44709.0,direct
user_602,page_view,2026-08-04 01:25:42.617064,89183.0,linkedin
user_244,application_started,2026-08-06 06:25:42.617064,59173.0,direct
user_859,application_submitted,2026-08-07 04:25:42.617064,178334.0,google
user_839,job_search,2026-08-21 09:25:42.617064,134815.0,google
user_567,page_view,2026-08-03 12:25:42.617064,81826.0,linkedin
user_445,application_submitted,2026-08-22 13:25:42.617064,46691.0,linkedin
user_20,application_started,2026-08-05 00:25:42.617064,,linkedin
user_384,application_started,2026-08-21 18:25:42.617064,120929.0,linkedin
user_454,application_submitted,2026-08-02 11:25:42.617064,181991.0,direct
user_593,job_search,2026-08-13 18:25:42.617064,140455.0,referral
user_609,job_search,2026-08-23 11:25:42.617064,173335.0,google
user_955,job_search,2026-08-05 18:25:42.617064,105591.0,google
user_825,application_started,2026-08-27 04:25:42.617064,43146.0,google
user_539,job_search,2026-08-25 05:25:42.617064,85098.0,google
user_799,page_view,2026-08-18 21:25:42.617064,70179.0,google
user_740,application_submitted,2026-08-17 19:25:42.617064,,linkedin
user_302,job_search,2026-08-21 03:25:42.617064,146237.0,linkedin
user_831,page_view,2026-08-30 23:25:42.617064,62273.0,referral
user_843,application_submitted,2026-08-29 18:25:42.617064,180116.0,linkedin
user_974,job_search,2026-08-20 20:25:42.617064,57025.0,linkedin
user_342,application_submitted,2026-08-25 18:25:42.617064,125055.0,google
user_59,application_submitted,2026-08-28 22:25:42.617064,127743.0,linkedin
user_365,application_submitted,2026-08-07 23:25:42.617064,194346.0,direct
user_895,application_submitted,2026-08-30 13:25:42.617064,122507.0,linkedin
user_461,page_view,2026-08-02 21:25:42.617064,107124.0,direct
user_698,application_started,2026-08-19 07:25:42.617064,65724.0,google
user_985,page_view,2026-08-13 01:25:42.617064,175386.0,linkedin
user_647,job_search,2026-08-28 21:25:42.617064,129506.0,google
user_16,job_search,2026-08-10 00:25:42.617064,51628.0,direct
user_299,application_submitted,2026-08-12 08:25:42.617064,179198.0,direct
user_917,application_started,2026-08-12 02:25:42.617064,159408.0,linkedin
user_69,job_search,2026-08-30 01:25:42.617064,98595.0,google
user_665,application_submitted,2026-08-23 03:25:42.617064,110539.0,referral
user_497,job_search,2026-08-17 11:25:42.617064,197520.0,direct
user_164,page_view,2026-08-12 18:25:42.617064,109612.0,direct
user_813,job_search,2026-08-18 18:25:42.617064,58499.0,google
user_449,page_view,2026-08-20 19:25:42.617064,111171.0,linkedin
user_653,application_started,2026-08-28 19:25:42.617064,,linkedin
user_637,page_view,2026-08-12 03:25:42.617064,,google
user_793,application_submitted,2026-08-09 23:25:42.617064,157982.0,referral
user_750,application_started,2026-08-12 07:25:42.617064,140311.0,referral
user_408,page_view,2026-08-29 09:25:42.617064,156064.0,linkedin
user_614,job_search,2026-08-22 01:25:42.617064,140016.0,referral
user_480,job_search,2026-08-31 12:25:42.617064,157417.0,referral
user_158,application_submitted,2026-08-29 22:25:42.617064,69337.0,referral
user_251,application_submitted,2026-08-10 21:25:42.617064,,referral
user_826,application_started,2026-08-15 03:25:42.617064,70140.0,referral
user_963,job_search,2026-08-11 21:25:42.617064,118383.0,referral
user_256,application_started,2026-08-20 19:25:42.617064,134155.0,linkedin
user_794,job_search,2026-08-30 17:25:42.617064,127649.0,google
user_123,application_submitted,2026-08-16 03:25:42.617064,73645.0,linkedin
user_310,application_submitted,2026-08-04 00:25:42.617064,191342.0,direct
user_741,job_search,2026-08-23 23:25:42.617064,163334.0,direct
user_830,page_view,2026-08-16 19:25:42.617064,79608.0,google
user_811,application_started,2026-08-30 20:25:42.617064,104776.0,linkedin
user_765,page_view,2026-08-09 11:25:42.617064,195888.0,referral
user_322,application_submitted,2026-08-03 20:25:42.617064,,google
user_537,job_search,2026-08-27 12:25:42.617064,66102.0,linkedin
user_359,application_started,2026-08-30 13:25:42.617064,192887.0,direct
user_558,application_submitted,2026-08-31 15:25:42.617064,168108.0,referral
user_853,application_started,2026-08-10 13:25:42.617064,174102.0,google
user_135,page_view,2026-08-26 15:25:42.617064,107072.0,direct
user_909,application_submitted,2026-08-17 01:25:42.617064,,linkedin
user_966,page_view,2026-08-05 11:25:42.617064,,linkedin
user_311,application_submitted,2026-08-02 16:25:42.617064,84950.0,referral
user_87,application_submitted,2026-08-14 20:25:42.617064,60930.0,linkedin
user_959,job_search,2026-08-07 17:25:42.617064,88889.0,direct
user_94,application_submitted,2026-08-23 04:25:42.617064,137439.0,google
user_384,application_submitted,2026-08-26 17:25:42.617064,117167.0,direct
user_966,page_view,2026-08-13 23:25:42.617064,129029.0,google
user_650,application_started,2026-08-28 13:25:42.617064,78965.0,google
user_572,application_started,2026-08-11 18:25:42.617064,,google
user_693,application_started,2026-08-14 14:25:42.617064,60897.0,linkedin
user_278,application_submitted,2026-08-09 17:25:42.617064,,direct
user_857,job_search,2026-08-27 02:25:42.617064,71361.0,linkedin
user_221,page_view,2026-08-23 15:25:42.617064,128099.0,linkedin
user_573,page_view,2026-08-07 19:25:42.617064,169384.0,linkedin
user_83,application_started,2026-08-17 04:25:42.617064,60394.0,linkedin
user_912,application_started,2026-08-14 10:25:42.617064,169442.0,referral
user_223,application_started,2026-08-22 07:25:42.617064,113239.0,linkedin
user_238,job_search,2026-08-28 19:25:42.617064,177944.0,google
user_639,application_started,2026-08-06 03:25:42.617064,95604.0,direct
user_190,job_search,2026-08-06 11:25:42.617064,107736.0,direct
user_171,application_started,2026-08-09 06:25:42.617064,54332.0,direct
user_34,page_view,2026-08-23 23:25:42.617064,53400.0,linkedin
user_419,job_search,2026-08-27 18:25:42.617064,61589.0,linkedin
user_624,page_view,2026-08-13 05:25:42.617064,123346.0,direct
user_75,application_submitted,2026-08-11 19:25:42.617064,53427.0,direct
user_921,job_search,2026-08-10 11:25:42.618066,,linkedin
user_202,job_search,2026-08-07 13:25:42.618066,147118.0,google
user_261,page_view,2026-08-10 16:25:42.618066,176158.0,linkedin
user_43,job_search,2026-08-30 00:25:42.618066,,linkedin
user_154,application_started,2026-08-15 10:25:42.618066,185730.0,referral
user_67,application_submitted,2026-08-24 11:25:42.618066,82267.0,referral
user_294,page_view,2026-08-02 13:25:42.618066,92191.0,google
user_400,application_submitted,2026-08-17 04:25:42.618066,62633.0,google
user_42,application_submitted,2026-08-01 17:25:42.618066,125718.0,linkedin
user_344,application_submitted,2026-08-19 17:25:42.618066,173947.0,google
user_490,job_search,2026-08-06 13:25:42.618066,,linkedin
user_406,page_view,2026-08-19 04:25:42.618066,,direct
user_602,page_view,2026-08-26 02:25:42.618066,123538.0,google
user_802,job_search,2026-08-15 11:25:42.618066,185521.0,google
user_206,page_view,2026-08-08 03:25:42.618066,41785.0,direct
user_184,job_search,2026-08-15 14:25:42.618066,194152.0,referral
user_325,application_started,2026-08-25 17:25:42.618066,135679.0,direct
user_577,application_started,2026-08-06 06:25:42.618066,62535.0,direct
user_340,page_view,2026-08-24 14:25:42.618066,94447.0,google
user_638,page_view,2026-08-19 02:25:42.618066,126286.0,direct
user_619,application_submitted,2026-08-09 03:25:42.618066,74183.0,referral
user_84,application_submitted,2026-08-10 15:25:42.618066,187181.0,referral
user_955,job_search,2026-08-16 07:25:42.618066,152728.0,direct
user_417,page_view,2026-08-30 07:25:42.618066,194218.0,google
user_317,page_view,2026-08-17 16:25:42.618066,164453.0,direct
user_940,page_view,2026-08-30 15:25:42.618066,67806.0,referral
user_851,job_search,2026-08-08 00:25:42.618066,78232.0,referral
user_605,job_search,2026-08-20 12:25:42.618066,,linkedin
user_927,page_view,2026-08-26 09:25:42.618066,106755.0,referral
user_541,job_search,2026-08-25 03:25:42.618066,95471.0,direct
user_116,application_submitted,2026-08-27 07:25:42.618066,67785.0,google
user_776,page_view,2026-08-26 22:25:42.618066,47980.0,direct
user_683,job_search,2026-08-26 13:25:42.618066,59017.0,direct
user_209,page_view,2026-08-09 00:25:42.618066,142975.0,linkedin
user_300,application_started,2026-08-11 19:25:42.618066,,linkedin
user_922,application_submitted,2026-08-24 13:25:42.618066,,google
user_118,application_started,2026-08-29 05:25:42.618066,46693.0,referral
user_118,application_started,2026-08-27 20:25:42.618066,101335.0,linkedin
user_720,application_submitted,2026-09-01 01:25:42.618066,100687.0,referral
user_901,application_submitted,2026-08-08 00:25:42.618066,40327.0,linkedin
user_577,job_search,2026-08-25 11:25:42.618066,48445.0,direct
user_920,application_submitted,2026-08-18 05:25:42.618066,151917.0,linkedin
user_789,application_started,2026-08-01 20:25:42.618066,,referral
user_811,job_search,2026-08-05 01:25:42.618066,160251.0,linkedin
user_362,page_view,2026-08-31 07:25:42.618066,195882.0,direct
user_557,application_started,2026-08-06 13:25:42.618066,82768.0,google
user_562,job_search,2026-08-15 05:25:42.618066,103681.0,direct
user_479,job_search,2026-08-17 10:25:42.618066,87368.0,linkedin
user_481,page_view,2026-08-21 09:25:42.618066,74281.0,linkedin
user_305,job_search,2026-08-10 22:25:42.618066,76306.0,referral
user_150,job_search,2026-08-25 16:25:42.618066,68362.0,linkedin
user_745,application_started,2026-08-27 07:25:42.618066,159876.0,linkedin
user_668,job_search,2026-08-15 23:25:42.618066,189812.0,referral
user_362,application_started,2026-08-06 17:25:42.618066,79238.0,referral
user_838,page_view,2026-08-05 01:25:42.618066,150268.0,direct
user_380,application_started,2026-08-19 12:25:42.618066,126797.0,referral
user_825,job_search,2026-08-14 22:25:42.618066,122503.0,referral
user_226,application_submitted,2026-08-12 18:25:42.618066,157844.0,linkedin
user_823,job_search,2026-08-11 10:25:42.618066,131468.0,google
user_539,application_started,2026-08-29 03:25:42.618066,151773.0,linkedin
user_377,application_submitted,2026-08-02 17:25:42.618066,145644.0,referral
user_492,application_submitted,2026-08-26 16:25:42.618066,168127.0,google
user_732,application_started,2026-08-02 17:25:42.618066,,direct
user_553,application_started,2026-08-24 01:25:42.618066,78247.0,referral
user_788,page_view,2026-08-19 22:25:42.618066,151030.0,linkedin
user_934,application_started,2026-08-16 02:25:42.618066,147631.0,linkedin
user_687,application_started,2026-08-11 12:25:42.618066,,referral
user_437,page_view,2026-08-10 19:25:42.618066,170877.0,google
user_549,application_submitted,2026-08-24 08:25:42.618066,68848.0,linkedin
user_6,application_started,2026-09-01 06:25:42.618066,104063.0,google
user_838,job_search,2026-08-11 10:25:42.618066,,referral
user_357,page_view,2026-08-18 04:25:42.618066,168110.0,google
user_871,job_search,2026-08-11 09:25:42.618066,147920.0,direct
user_342,job_search,2026-08-26 08:25:42.618066,165244.0,referral
user_962,page_view,2026-08-27 07:25:42.618066,95347.0,google
user_926,page_view,2026-08-16 22:25:42.618066,72647.0,linkedin
user_948,application_started,2026-08-11 10:25:42.618066,,referral
user_299,job_search,2026-08-06 16:25:42.618066,199390.0,referral
user_501,application_started,2026-08-19 19:25:42.618066,57007.0,google
user_725,page_view,2026-08-25 00:25:42.618066,,referral
user_748,page_view,2026-08-30 23:25:42.618066,178105.0,linkedin
user_961,page_view,2026-08-22 21:25:42.618066,188078.0,referral
user_492,application_submitted,2026-08-05 05:25:42.618066,168183.0,referral
user_891,job_search,2026-08-15 07:25:42.618066,123020.0,linkedin
user_531,page_view,2026-08-29 18:25:42.618066,126059.0,google
user_216,page_view,2026-08-02 20:25:42.618066,194193.0,google
user_1,job_search,2026-08-29 05:25:42.618066,166103.0,referral
user_53,application_submitted,2026-08-22 18:25:42.618066,125379.0,google
user_763,application_submitted,2026-08-27 10:25:42.618066,85758.0,google
user_334,application_started,2026-08-13 08:25:42.618066,43808.0,google
user_558,application_started,2026-08-17 21:25:42.618066,146031.0,referral
user_931,application_started,2026-08-13 17:25:42.618066,131935.0,google
user_593,application_submitted,2026-08-06 15:25:42.618066,125579.0,google
user_0,page_view,2026-08-24 06:25:42.618066,,direct
user_51,application_started,2026-08-20 16:25:42.618066,145153.0,referral
user_486,page_view,2026-08-21 20:25:42.618066,45322.0,linkedin
user_819,page_view,2026-08-26 16:25:42.618066,115090.0,linkedin
user_496,application_started,2026-08-10 23:25:42.618066,132810.0,google
user_423,application_submitted,2026-08-10 07:25:42.618066,101112.0,google
user_301,job_search,2026-09-01 10:25:42.618066,145716.0,referral
user_757,job_search,2026-08-07 04:25:42.618066,194731.0,referral
user_362,page_view,2026-08-10 00:25:42.618066,148567.0,direct
user_772,page_view,2026-08-27 13:25:42.618066,165743.0,google
user_256,job_search,2026-08-24 21:25:42.618066,95876.0,google
user_26,application_started,2026-08-17 18:25:42.618066,156732.0,linkedin
user_527,application_submitted,2026-08-23 08:25:42.618066,,direct
user_552,page_view,2026-08-20 17:25:42.618066,162001.0,direct
user_259,page_view,2026-08-17 00:25:42.618066,187556.0,direct
user_162,application_submitted,2026-08-06 17:25:42.618066,185868.0,direct
user_422,page_view,2026-08-14 10:25:42.618066,156535.0,referral
user_153,job_search,2026-08-03 09:25:42.618066,154129.0,referral
user_178,application_submitted,2026-08-29 15:25:42.618066,91743.0,referral
user_699,application_started,2026-08-19 11:25:42.618066,48532.0,direct
user_28,page_view,2026-08-09 06:25:42.618066,122509.0,linkedin
user_528,job_search,2026-08-06 08:25:42.618066,,google
user_594,page_view,2026-08-27 12:25:42.618066,84265.0,referral
user_594,page_view,2026-08-10 03:25:42.618066,61558.0,linkedin
user_465,application_started,2026-08-07 15:25:42.618066,64389.0,google
user_578,page_view,2026-08-20 06:25:42.618066,178979.0,google
user_734,page_view,2026-08-29 07:25:42.618066,163164.0,linkedin
user_780,job_search,2026-08-30 13:25:42.618066,160236.0,google
user_232,job_search,2026-08-21 11:25:42.618066,81353.0,linkedin
user_330,job_search,2026-08-09 10:25:42.618066,158096.0,direct
user_625,job_search,2026-08-25 04:25:42.618066,115907.0,referral
user_971,page_view,2026-08-24 19:25:42.618066,51612.0,direct
user_44,application_started,2026-08-28 12:25:42.618066,,google
user_556,application_started,2026-08-10 20:25:42.618066,55684.0,google
user_628,application_started,2026-08-03 07:25:42.618066,165672.0,google
user_236,application_started,2026-08-16 14:25:42.618066,112255.0,referral
user_173,page_view,2026-08-21 10:25:42.618066,112826.0,google
user_173,application_started,2026-08-09 07:25:42.618066,64779.0,linkedin
user_455,job_search,2026-08-30 15:25:42.618066,56300.0,referral
user_112,application_submitted,2026-08-19 08:25:42.618066,158658.0,linkedin
user_451,application_started,2026-08-05 22:25:42.618066,57050.0,google
user_679,page_view,2026-08-25 15:25:42.618066,73184.0,google
user_657,page_view,2026-08-31 07:25:42.618066,122288.0,linkedin
user_610,application_submitted,2026-08-11 23:25:42.618066,178525.0,direct
user_987,page_view,2026-08-25 13:25:42.618066,127438.0,referral
user_779,page_view,2026-08-16 00:25:42.618066,,linkedin
user_836,application_started,2026-08-09 20:25:42.618066,193212.0,direct
user_864,job_search,2026-08-09 19:25:42.618066,169331.0,linkedin
user_30,job_search,2026-08-15 12:25:42.618066,146487.0,direct
user_702,page_view,2026-08-08 17:25:42.618066,185280.0,linkedin
user_906,application_started,2026-08-14 16:25:42.618066,57682.0,linkedin
user_406,application_started,2026-08-17 09:25:42.618066,,referral
user_378,application_started,2026-08-04 07:25:42.618066,83096.0,google
user_662,application_started,2026-08-14 01:25:42.618066,73189.0,referral
user_668,application_submitted,2026-08-22 03:25:42.618066,121215.0,direct
user_791,job_search,2026-08-20 23:25:42.618066,47992.0,linkedin
user_675,application_started,2026-08-08 12:25:42.618066,178243.0,direct
user_144,page_view,2026-08-07 18:25:42.618066,137742.0,referral
user_811,application_submitted,2026-08-22 05:25:42.618066,139903.0,google
user_381,job_search,2026-08-01 13:25:42.618066,48512.0,google
user_494,page_view,2026-08-06 09:25:42.618066,,linkedin
user_759,job_search,2026-08-22 08:25:42.618066,106906.0,linkedin
user_570,application_submitted,2026-08-29 04:25:42.618066,160872.0,direct
user_943,page_view,2026-08-05 05:25:42.618066,,direct
user_579,application_started,2026-08-04 16:25:42.618066,143896.0,linkedin
user_709,job_search,2026-08-16 23:25:42.618066,,referral
user_863,job_search,2026-08-19 09:25:42.618066,198731.0,direct
user_492,page_view,2026-08-10 10:25:42.618066,137409.0,referral
user_200,application_started,2026-08-09 05:25:42.618066,52487.0,direct
user_712,page_view,2026-08-25 16:25:42.618066,172248.0,referral
user_871,application_submitted,2026-08-08 22:25:42.618066,,direct
user_284,application_submitted,2026-08-19 03:25:42.618066,92441.0,direct
user_46,application_started,2026-08-06 02:25:42.618066,125510.0,referral
user_331,application_started,2026-08-07 12:25:42.618066,93533.0,referral
user_362,application_submitted,2026-08-11 05:25:42.618066,107208.0,direct
user_922,application_started,2026-08-09 11:25:42.618066,87362.0,direct
user_523,application_submitted,2026-08-03 14:25:42.618066,,direct
user_928,application_started,2026-08-12 01:25:42.618066,79365.0,referral
user_412,page_view,2026-08-30 21:25:42.618066,66179.0,direct
user_965,application_started,2026-08-19 08:25:42.618066,192329.0,google
user_403,job_search,2026-08-03 10:25:42.618066,112623.0,google
user_32,job_search,2026-08-09 13:25:42.618066,168344.0,referral
user_434,page_view,2026-08-15 09:25:42.618066,78127.0,direct
user_632,application_submitted,2026-08-13 08:25:42.618066,125374.0,referral
user_578,application_submitted,2026-08-09 20:25:42.618066,183405.0,referral
user_416,job_search,2026-08-05 21:25:42.618066,123742.0,direct
user_686,application_started,2026-08-07 02:25:42.618066,117065.0,direct
user_703,job_search,2026-08-21 05:25:42.618066,160768.0,google
user_262,application_started,2026-08-05 10:25:42.618066,145644.0,google
user_13,application_started,2026-08-23 21:25:42.618066,,direct
user_937,application_submitted,2026-08-17 17:25:42.618066,125388.0,linkedin
user_996,application_submitted,2026-08-07 14:25:42.618066,139691.0,linkedin
user_529,page_view,2026-08-29 02:25:42.618066,115385.0,google
user_882,application_submitted,2026-08-28 20:25:42.618066,157050.0,linkedin
user_544,application_submitted,2026-08-02 22:25:42.618066,169477.0,linkedin
user_1,application_started,2026-08-20 09:25:42.618066,109731.0,direct
user_276,application_started,2026-08-06 17:25:42.618066,191109.0,direct
user_772,page_view,2026-08-21 20:25:42.618066,141798.0,linkedin
user_782,job_search,2026-08-03 18:25:42.618066,108185.0,direct
user_376,job_search,2026-08-22 06:25:42.618066,53857.0,google
user_238,job_search,2026-08-13 10:25:42.618066,158109.0,google
user_857,application_started,2026-08-11 09:25:42.618066,96289.0,google
user_15,job_search,2026-08-16 01:25:42.618066,,direct
user_86,application_submitted,2026-08-29 16:25:42.618066,,google
user_604,application_started,2026-08-10 02:25:42.618066,192843.0,google
user_961,job_search,2026-08-17 15:25:42.618066,199967.0,referral
user_424,application_started,2026-08-21 18:25:42.618066,78609.0,referral
user_718,job_search,2026-08-30 04:25:42.618066,112315.0,google
user_105,application_started,2026-08-02 03:25:42.618066,189182.0,linkedin
user_895,application_submitted,2026-08-31 11:25:42.618066,149171.0,linkedin
user_838,job_search,2026-08-28 21:25:42.618066,96647.0,linkedin
user_966,application_submitted,2026-08-08 22:25:42.618066,51896.0,referral
user_854,application_submitted,2026-08-01 20:25:42.618066,80759.0,referral
user_80,job_search,2026-08-13 07:25:42.618066,125648.0,google
user_698,page_view,2026-08-22 19:25:42.618066,117133.0,google
user_163,job_search,2026-08-08 03:25:42.618066,131456.0,linkedin
user_432,application_started,2026-08-15 08:25:42.618066,49727.0,linkedin
user_152,page_view,2026-08-24 22:25:42.618066,105473.0,direct
user_450,application_submitted,2026-08-11 18:25:42.618066,47418.0,google
user_75,page_view,2026-08-09 11:25:42.618066,175981.0,direct
user_383,job_search,2026-08-04 21:25:42.618066,81075.0,google
user_156,job_search,2026-08-09 21:25:42.618066,,referral
user_927,page_view,2026-08-24 14:25:42.618066,80045.0,google
user_540,page_view,2026-08-02 05:25:42.618066,126078.0,direct
user_526,job_search,2026-08-09 03:25:42.618066,146021.0,referral
user_225,application_started,2026-08-05 17:25:42.618066,197632.0,direct
user_986,application_started,2026-08-14 10:25:42.618066,133753.0,referral
user_734,job_search,2026-08-18 00:25:42.618066,45606.0,direct
user_954,application_submitted,2026-08-10 09:25:42.618066,191295.0,direct
user_403,job_search,2026-08-30 19:25:42.618066,,linkedin
user_944,job_search,2026-08-24 08:25:42.618066,99373.0,direct
user_966,job_search,2026-08-15 01:25:42.618066,44050.0,linkedin
user_44,application_submitted,2026-08-22 22:25:42.618066,151394.0,linkedin
user_733,application_submitted,2026-08-23 14:25:42.618066,155230.0,direct
user_664,application_submitted,2026-08-24 15:25:42.618066,62730.0,referral
user_299,job_search,2026-08-25 23:25:42.618066,112103.0,direct
user_647,page_view,2026-08-27 12:25:42.618066,157261.0,google
user_811,application_started,2026-08-04 01:25:42.618066,116719.0,direct
user_197,application_started,2026-08-14 05:25:42.618066,119079.0,referral
user_99,job_search,2026-08-30 14:25:42.618066,,linkedin
user_525,page_view,2026-08-18 22:25:42.618066,109494.0,direct
user_989,application_submitted,2026-08-18 09:25:42.618066,183307.0,linkedin
user_29,application_started,2026-08-20 09:25:42.618066,49117.0,referral
user_963,job_search,2026-08-25 15:25:42.619067,159439.0,google
user_292,page_view,2026-08-29 17:25:42.619067,,linkedin
user_486,page_view,2026-08-26 21:25:42.619067,188319.0,linkedin
user_865,application_submitted,2026-08-11 03:25:42.619067,126389.0,linkedin
user_639,page_view,2026-08-05 16:25:42.619067,83128.0,google
user_387,page_view,2026-08-29 11:25:42.619067,80571.0,google
user_631,job_search,2026-08-31 13:25:42.619067,94415.0,google
user_828,application_started,2026-08-15 19:25:42.619067,112508.0,linkedin
user_171,application_submitted,2026-08-25 10:25:42.619067,,google
user_599,application_submitted,2026-08-19 16:25:42.619067,152795.0,google
user_883,application_started,2026-08-15 20:25:42.619067,112605.0,referral
user_310,job_search,2026-08-11 22:25:42.619067,188178.0,referral
user_888,application_submitted,2026-08-04 10:25:42.619067,146487.0,google
user_85,job_search,2026-08-11 17:25:42.619067,157882.0,referral
user_350,page_view,2026-08-30 10:25:42.619067,48673.0,google
user_71,application_submitted,2026-08-05 14:25:42.619067,124669.0,linkedin
user_402,job_search,2026-08-23 21:25:42.619067,99013.0,linkedin
user_95,application_started,2026-08-05 18:25:42.619067,113412.0,direct
user_720,application_submitted,2026-08-27 17:25:42.619067,86198.0,referral
user_787,application_started,2026-08-15 08:25:42.619067,108379.0,direct
user_792,application_submitted,2026-08-30 18:25:42.619067,175971.0,google
user_454,page_view,2026-08-11 06:25:42.619067,65675.0,linkedin
user_380,page_view,2026-08-08 14:25:42.619067,44050.0,linkedin
user_349,application_submitted,2026-08-14 06:25:42.619067,101179.0,linkedin
user_628,application_started,2026-08-06 13:25:42.619067,191064.0,referral
user_427,application_submitted,2026-08-17 18:25:42.619067,54823.0,google
user_357,page_view,2026-08-03 10:25:42.619067,115152.0,direct
user_463,job_search,2026-08-25 15:25:42.619067,85762.0,google
user_167,application_started,2026-08-14 08:25:42.619067,72581.0,linkedin
user_400,application_started,2026-09-01 10:25:42.619067,135839.0,linkedin
user_703,application_submitted,2026-08-23 08:25:42.619067,58640.0,referral
user_298,application_submitted,2026-08-23 04:25:42.619067,182480.0,google
user_453,application_started,2026-08-28 20:25:42.619067,78603.0,referral
user_429,job_search,2026-08-05 13:25:42.619067,131392.0,direct
user_769,job_search,2026-08-19 09:25:42.619067,122988.0,referral
user_717,application_submitted,2026-08-09 14:25:42.619067,163507.0,google
user_114,page_view,2026-08-07 01:25:42.619067,177790.0,google
user_263,job_search,2026-08-22 09:25:42.619067,93726.0,direct
user_442,application_submitted,2026-08-15 11:25:42.619067,91359.0,referral
user_791,application_submitted,2026-08-30 14:25:42.619067,109826.0,linkedin
user_133,page_view,2026-08-21 18:25:42.619067,173659.0,google
user_802,job_search,2026-08-07 16:25:42.619067,88039.0,direct
user_942,application_started,2026-08-30 07:25:42.619067,123980.0,direct
user_976,application_submitted,2026-08-10 07:25:42.619067,196876.0,google
user_107,page_view,2026-08-10 01:25:42.619067,141638.0,google
user_656,page_view,2026-08-18 05:25:42.619067,161022.0,linkedin
user_503,application_submitted,2026-08-21 06:25:42.619067,127182.0,direct
user_37,application_started,2026-09-01 07:25:42.619067,52266.0,direct
user_586,job_search,2026-08-25 07:25:42.619067,44574.0,direct
user_217,application_started,2026-08-31 19:25:42.619067,140002.0,referral
user_990,application_submitted,2026-08-22 08:25:42.619067,80245.0,referral
user_448,job_search,2026-08-29 03:25:42.619067,,direct
user_320,application_submitted,2026-08-02 06:25:42.619067,148106.0,google
user_306,application_submitted,2026-08-19 15:25:42.619067,88041.0,google
user_37,application_started,2026-08-21 22:25:42.619067,140121.0,linkedin
user_5,page_view,2026-08-19 04:25:42.619067,78278.0,google
user_341,application_submitted,2026-08-22 20:25:42.619067,198279.0,direct
user_544,page_view,2026-08-07 15:25:42.619067,133045.0,direct
user_256,page_view,2026-08-27 15:25:42.619067,96197.0,referral
user_40,application_started,2026-08-26 05:25:42.619067,96951.0,linkedin
user_218,application_started,2026-08-29 09:25:42.619067,66047.0,linkedin
user_888,application_submitted,2026-08-17 07:25:42.619067,179371.0,google
user_617,application_submitted,2026-08-07 19:25:42.619067,122067.0,linkedin
user_443,job_search,2026-08-17 20:25:42.619067,192619.0,direct
user_210,application_started,2026-08-25 23:25:42.619067,103807.0,referral
user_913,page_view,2026-08-31 09:25:42.619067,173377.0,referral
user_337,application_started,2026-08-05 23:25:42.619067,147546.0,direct
user_311,page_view,2026-08-10 17:25:42.619067,52628.0,google
user_26,page_view,2026-08-19 04:25:42.619067,134859.0,direct
user_602,job_search,2026-08-30 15:25:42.619067,191748.0,direct
user_658,application_started,2026-08-12 21:25:42.619067,139407.0,referral
user_311,application_submitted,2026-08-28 23:25:42.619067,166878.0,referral
user_755,job_search,2026-08-31 18:25:42.619067,69297.0,referral
user_717,job_search,2026-08-16 02:25:42.619067,177903.0,google
user_691,application_submitted,2026-08-03 07:25:42.619067,175025.0,direct
user_329,job_search,2026-08-02 01:25:42.619067,124898.0,direct
user_231,application_started,2026-08-06 12:25:42.619067,,google
user_298,page_view,2026-08-02 02:25:42.619067,,direct
user_616,page_view,2026-08-23 12:25:42.619067,,referral
user_620,job_search,2026-08-31 00:25:42.619067,42492.0,direct
user_107,page_view,2026-08-31 05:25:42.619067,139986.0,google
user_375,job_search,2026-08-03 07:25:42.619067,156110.0,direct
user_568,application_started,2026-08-24 21:25:42.619067,106246.0,linkedin
user_78,job_search,2026-08-25 15:25:42.619067,114598.0,referral
user_357,application_started,2026-08-24 08:25:42.619067,111049.0,google
user_965,job_search,2026-08-31 00:25:42.619067,176879.0,direct
user_876,page_view,2026-08-25 13:25:42.619067,75935.0,referral
user_139,application_started,2026-08-15 00:25:42.619067,132371.0,direct
user_953,application_started,2026-08-10 23:25:42.619067,119624.0,referral
user_819,application_submitted,2026-08-15 20:25:42.619067,81934.0,referral
user_137,job_search,2026-08-29 01:25:42.619067,62930.0,direct
user_901,application_submitted,2026-08-04 11:25:42.619067,65938.0,direct
user_938,page_view,2026-08-13 23:25:42.619067,83864.0,direct
user_692,application_submitted,2026-08-25 21:25:42.619067,40622.0,linkedin
user_999,job_search,2026-08-12 07:25:42.619067,186212.0,linkedin
user_868,job_search,2026-08-22 13:25:42.619067,59110.0,google
user_244,page_view,2026-08-27 00:25:42.619067,135600.0,direct
user_828,job_search,2026-08-04 16:25:42.619067,65191.0,referral
user_395,job_search,2026-08-31 09:25:42.619067,74389.0,linkedin
user_195,page_view,2026-08-15 09:25:42.619067,56188.0,direct
user_65,application_submitted,2026-08-30 15:25:42.619067,166155.0,google
user_148,application_submitted,2026-08-21 19:25:42.619067,91467.0,direct
user_288,application_submitted,2026-08-07 10:25:42.619067,132837.0,referral
user_2,application_submitted,2026-08-10 01:25:42.619067,193549.0,google
user_278,page_view,2026-08-09 04:25:42.619067,,linkedin
user_662,page_view,2026-08-21 23:25:42.619067,76854.0,linkedin
user_546,page_view,2026-08-02 18:25:42.619067,110811.0,referral
user_228,job_search,2026-08-21 22:25:42.619067,103647.0,linkedin
user_948,page_view,2026-08-15 18:25:42.619067,165139.0,referral
user_498,application_submitted,2026-08-20 15:25:42.619067,143808.0,google
user_348,application_submitted,2026-08-11 18:25:42.619067,67542.0,linkedin
user_679,application_submitted,2026-08-17 02:25:42.619067,115317.0,linkedin
user_957,application_submitted,2026-08-02 18:25:42.619067,67573.0,google
user_340,application_submitted,2026-08-17 04:25:42.619067,145335.0,referral
user_821,page_view,2026-08-09 22:25:42.619067,,google
user_726,job_search,2026-08-26 10:25:42.619067,103331.0,google
user_388,application_submitted,2026-08-15 12:25:42.619067,44448.0,direct
user_119,application_submitted,2026-08-28 14:25:42.619067,172964.0,google
user_555,application_started,2026-08-22 09:25:42.619067,,google
user_554,application_submitted,2026-08-01 16:25:42.619067,170856.0,google
user_484,job_search,2026-08-07 20:25:42.619067,100945.0,linkedin
user_463,application_started,2026-08-22 01:25:42.619067,104752.0,referral
user_266,job_search,2026-08-10 07:25:42.619067,170089.0,google
user_808,application_started,2026-08-05 07:25:42.619067,53778.0,referral
user_350,application_submitted,2026-08-30 23:25:42.619067,91380.0,referral
user_419,job_search,2026-08-31 22:25:42.619067,86305.0,linkedin
user_587,page_view,2026-08-10 17:25:42.619067,98872.0,google
user_465,application_started,2026-08-18 17:25:42.619067,67661.0,google
user_497,application_submitted,2026-08-13 14:25:42.619067,50530.0,direct
user_390,page_view,2026-08-29 10:25:42.619067,60331.0,referral
user_329,application_started,2026-08-12 11:25:42.619067,168958.0,direct
user_553,application_started,2026-08-14 16:25:42.619067,165959.0,direct
user_527,application_submitted,2026-08-17 12:25:42.619067,181724.0,google
user_316,job_search,2026-08-17 23:25:42.619067,,linkedin
user_81,job_search,2026-08-30 00:25:42.619067,66482.0,direct
user_51,application_submitted,2026-08-15 06:25:42.619067,,referral
user_67,application_submitted,2026-08-21 11:25:42.619067,63888.0,linkedin
user_158,page_view,2026-08-13 21:25:42.619067,192686.0,referral
user_773,job_search,2026-08-21 06:25:42.619067,177376.0,direct
user_74,application_submitted,2026-08-26 00:25:42.619067,48889.0,linkedin
user_262,job_search,2026-08-05 02:25:42.619067,,referral
user_810,application_submitted,2026-08-12 16:25:42.619067,92544.0,referral
user_822,job_search,2026-08-26 02:25:42.619067,161799.0,direct
user_984,job_search,2026-08-23 10:25:42.619067,88623.0,referral
user_294,job_search,2026-08-30 17:25:42.619067,67350.0,google
user_928,application_started,2026-08-13 14:25:42.619067,191869.0,linkedin
user_101,job_search,2026-08-30 19:25:42.619067,,direct
user_602,job_search,2026-09-01 02:25:42.619067,52699.0,linkedin
user_274,application_started,2026-08-25 07:25:42.619067,,google
user_860,page_view,2026-08-22 09:25:42.619067,,referral
user_470,application_started,2026-08-05 09:25:42.619067,127012.0,google
user_174,application_started,2026-08-06 17:25:42.619067,,google
user_198,application_started,2026-08-31 06:25:42.619067,174627.0,referral
user_360,page_view,2026-08-10 12:25:42.619067,70785.0,direct
user_487,application_submitted,2026-08-09 00:25:42.619067,91377.0,direct
user_280,page_view,2026-08-30 22:25:42.619067,178133.0,google
user_195,application_submitted,2026-08-24 11:25:42.619067,50450.0,google
user_448,application_submitted,2026-08-13 22:25:42.619067,166148.0,direct
user_985,page_view,2026-08-18 13:25:42.619067,95680.0,referral
user_624,application_started,2026-08-31 02:25:42.619067,195304.0,linkedin
user_358,page_view,2026-08-22 00:25:42.619067,115535.0,linkedin
user_325,application_started,2026-08-12 23:25:42.619067,170419.0,referral
user_232,page_view,2026-08-25 02:25:42.619067,,direct
user_263,application_submitted,2026-08-27 19:25:42.619067,64954.0,linkedin
user_347,application_submitted,2026-08-14 18:25:42.619067,164470.0,referral
user_397,job_search,2026-08-19 13:25:42.619067,101875.0,direct
user_266,application_submitted,2026-08-26 13:25:42.619067,171828.0,referral
user_299,page_view,2026-08-19 06:25:42.619067,111299.0,direct
user_270,job_search,2026-08-17 12:25:42.619067,167576.0,linkedin
user_990,page_view,2026-08-07 13:25:42.619067,166529.0,google
user_283,page_view,2026-08-07 23:25:42.619067,85323.0,referral
user_168,page_view,2026-08-16 22:25:42.619067,195533.0,google
user_234,page_view,2026-08-17 23:25:42.619067,146939.0,direct
user_559,application_started,2026-08-26 03:25:42.619067,,linkedin
user_474,application_started,2026-08-30 01:25:42.619067,75969.0,google
user_466,page_view,2026-08-24 19:25:42.619067,114721.0,linkedin
user_177,job_search,2026-08-08 10:25:42.619067,137688.0,referral
user_369,page_view,2026-08-04 07:25:42.619067,162125.0,linkedin
user_233,job_search,2026-08-19 17:25:42.619067,114115.0,referral
user_327,page_view,2026-08-11 22:25:42.619067,44243.0,direct
user_691,application_started,2026-08-09 01:25:42.619067,43699.0,linkedin
user_622,application_started,2026-08-16 00:25:42.619067,,google
user_742,job_search,2026-08-28 19:25:42.619067,118972.0,linkedin
user_95,application_submitted,2026-08-02 02:25:42.619067,117022.0,google
user_388,page_view,2026-08-28 21:25:42.619067,164042.0,referral
user_658,application_submitted,2026-08-15 20:25:42.619067,120297.0,linkedin
user_357,job_search,2026-08-12 01:25:42.619067,96199.0,direct
user_938,application_started,2026-08-15 17:25:42.619067,41270.0,linkedin
user_239,application_started,2026-08-06 05:25:42.619067,42907.0,referral
user_791,page_view,2026-08-19 11:25:42.619067,159345.0,google
user_340,page_view,2026-08-09 17:25:42.619067,72281.0,linkedin
user_749,application_started,2026-08-26 03:25:42.619067,103509.0,google
user_889,page_view,2026-09-01 04:25:42.619067,97954.0,google
user_186,job_search,2026-08-03 09:25:42.619067,158869.0,direct
user_835,page_view,2026-08-06 04:25:42.619067,,google
user_481,application_submitted,2026-09-01 10:25:42.619067,51781.0,google
user_705,job_search,2026-08-13 21:25:42.619067,141984.0,google
user_843,application_started,2026-08-10 04:25:42.619067,92010.0,linkedin
user_160,application_submitted,2026-08-15 05:25:42.619067,122158.0,linkedin
user_601,application_submitted,2026-08-05 21:25:42.619067,65737.0,google
user_98,application_started,2026-08-06 00:25:42.619067,57590.0,google
user_603,page_view,2026-08-14 03:25:42.619067,113977.0,referral
user_252,application_submitted,2026-08-31 14:25:42.619067,192008.0,linkedin
user_719,job_search,2026-08-04 02:25:42.619067,69708.0,linkedin
user_316,page_view,2026-08-13 17:25:42.619067,168578.0,google
user_49,job_search,2026-08-14 11:25:42.619067,182101.0,referral
user_867,page_view,2026-08-03 18:25:42.619067,108682.0,direct
user_780,application_submitted,2026-08-04 11:25:42.619067,,referral
user_618,page_view,2026-08-15 14:25:42.619067,61061.0,referral
user_405,job_search,2026-08-15 08:25:42.619067,76257.0,direct
user_681,job_search,2026-08-06 13:25:42.619067,152105.0,google
user_71,page_view,2026-08-08 02:25:42.619067,160547.0,referral
user_581,job_search,2026-08-02 23:25:42.619067,62575.0,linkedin
user_190,application_submitted,2026-08-26 11:25:42.619067,184830.0,direct
user_138,application_submitted,2026-08-07 10:25:42.619067,134938.0,referral
user_904,application_submitted,2026-08-26 03:25:42.619067,56050.0,direct
user_669,application_submitted,2026-08-29 21:25:42.619067,76040.0,google
user_412,application_started,2026-08-03 01:25:42.619067,149107.0,google
user_816,page_view,2026-08-10 08:25:42.619067,134834.0,direct
user_809,application_submitted,2026-08-07 21:25:42.619067,147337.0,google
user_938,page_view,2026-08-18 16:25:42.619067,61545.0,referral
user_459,application_submitted,2026-08-09 05:25:42.619067,58187.0,referral
user_627,application_started,2026-08-10 11:25:42.619067,95494.0,direct
user_528,page_view,2026-08-31 22:25:42.619067,96095.0,google
user_258,application_submitted,2026-08-06 06:25:42.619067,73250.0,direct
user_762,application_started,2026-08-25 05:25:42.619067,146921.0,referral
user_964,application_started,2026-08-30 11:25:42.619067,131856.0,referral
user_54,application_submitted,2026-08-22 02:25:42.619067,131077.0,referral
user_156,application_started,2026-08-17 20:25:42.619067,158494.0,google
user_937,job_search,2026-08-12 21:25:42.619067,177904.0,linkedin
user_420,application_submitted,2026-08-21 18:25:42.619067,89512.0,linkedin
user_944,page_view,2026-08-18 03:25:42.619067,144715.0,referral
user_985,job_search,2026-08-01 17:25:42.619067,189560.0,direct
user_417,job_search,2026-08-18 07:25:42.619067,160367.0,direct
user_726,application_started,2026-08-04 15:25:42.619067,143411.0,google
user_470,application_started,2026-08-22 02:25:42.619067,86317.0,direct
user_9,application_started,2026-08-31 02:25:42.619067,111479.0,linkedin
user_149,application_submitted,2026-08-27 19:25:42.619067,113556.0,linkedin
user_171,page_view,2026-08-04 16:25:42.619067,118101.0,direct
user_807,job_search,2026-08-06 23:25:42.619067,70647.0,direct
user_865,job_search,2026-08-10 12:25:42.619067,,linkedin
user_527,page_view,2026-08-24 07:25:42.619067,183461.0,linkedin
user_6,application_started,2026-08-30 19:25:42.619067,123297.0,direct
user_694,application_started,2026-09-01 08:25:42.619067,84090.0,referral
user_362,page_view,2026-08-31 20:25:42.619067,79640.0,referral
user_373,application_submitted,2026-08-07 22:25:42.619067,116402.0,direct
user_838,application_started,2026-08-14 20:25:42.619067,135806.0,linkedin
user_397,application_started,2026-08-11 03:25:42.619067,149360.0,direct
user_83,page_view,2026-08-16 06:25:42.619067,,referral
user_159,application_submitted,2026-08-20 01:25:42.619067,178270.0,referral
user_325,job_search,2026-08-12 05:25:42.619067,117754.0,referral
user_723,application_submitted,2026-09-01 08:25:42.619067,162442.0,google
user_232,application_submitted,2026-08-30 15:25:42.619067,100704.0,referral
user_222,application_started,2026-08-11 02:25:42.619067,72034.0,referral
user_112,application_started,2026-08-12 16:25:42.619067,,referral
user_289,page_view,2026-08-29 21:25:42.619067,73941.0,direct
user_407,application_started,2026-08-05 09:25:42.619067,,direct
user_854,page_view,2026-08-26 13:25:42.619067,88443.0,linkedin
user_724,application_started,2026-08-09 07:25:42.619067,115228.0,google
user_684,job_search,2026-08-28 14:25:42.619067,119866.0,referral
user_660,page_view,2026-08-08 03:25:42.619067,162006.0,linkedin
user_853,application_started,2026-08-26 18:25:42.619067,48674.0,direct
user_733,job_search,2026-08-10 23:25:42.619067,181146.0,referral
user_384,page_view,2026-08-05 16:25:42.619067,123201.0,google
user_868,application_started,2026-08-25 20:25:42.619067,199898.0,linkedin
user_714,application_started,2026-08-23 17:25:42.619067,186885.0,direct
user_810,application_started,2026-08-19 16:25:42.619067,130911.0,referral
user_344,page_view,2026-08-21 17:25:42.619067,106639.0,google
user_927,page_view,2026-08-27 20:25:42.619067,,google
user_208,application_submitted,2026-08-13 05:25:42.619067,56121.0,referral
user_188,page_view,2026-08-16 14:25:42.619067,135848.0,direct
user_530,page_view,2026-08-10 18:25:42.619067,164769.0,referral
user_606,application_started,2026-08-19 15:25:42.619067,148071.0,linkedin
user_134,page_view,2026-08-13 17:25:42.619067,126966.0,linkedin
user_13,page_view,2026-08-08 21:25:42.619067,187377.0,google
user_837,job_search,2026-08-10 18:25:42.619067,94900.0,referral
user_979,application_started,2026-08-05 22:25:42.619067,122014.0,linkedin
user_803,application_submitted,2026-08-08 18:25:42.619067,184419.0,linkedin
user_541,application_submitted,2026-08-14 21:25:42.619067,183860.0,direct
user_680,page_view,2026-08-25 07:25:42.619067,103943.0,referral
user_778,application_started,2026-08-27 14:25:42.619067,,linkedin
user_642,application_started,2026-08-18 05:25:42.619067,127065.0,linkedin
user_638,application_submitted,2026-08-13 04:25:42.619067,156111.0,referral
user_627,job_search,2026-08-03 02:25:42.619067,128360.0,google
user_268,job_search,2026-08-15 02:25:42.619067,107264.0,linkedin
user_654,page_view,2026-08-14 08:25:42.619067,198113.0,direct
user_919,application_submitted,2026-08-26 09:25:42.619067,,google
user_980,application_submitted,2026-08-19 06:25:42.619067,172920.0,referral
user_439,page_view,2026-08-07 03:25:42.619067,55959.0,linkedin
user_217,job_search,2026-08-21 22:25:42.619067,101006.0,direct
user_553,page_view,2026-08-07 09:25:42.619067,95301.0,google
user_490,application_submitted,2026-08-14 17:25:42.619067,152260.0,referral
user_747,application_submitted,2026-08-13 11:25:42.619067,81511.0,direct
user_140,page_view,2026-08-12 16:25:42.619067,96969.0,referral
user_537,application_started,2026-08-19 03:25:42.619067,129459.0,google
user_525,application_submitted,2026-08-18 16:25:42.619067,198831.0,direct
user_67,application_started,2026-08-04 12:25:42.619067,117971.0,linkedin
user_846,application_started,2026-08-20 12:25:42.619067,168715.0,referral
user_278,job_search,2026-08-20 10:25:42.619067,57257.0,google
user_45,job_search,2026-08-06 22:25:42.619067,183463.0,referral
user_565,application_started,2026-08-14 15:25:42.619067,98145.0,google
user_184,page_view,2026-08-06 11:25:42.619067,51555.0,linkedin
user_321,application_started,2026-08-11 16:25:42.619067,179698.0,linkedin
user_446,page_view,2026-08-08 14:25:42.619067,156383.0,referral
user_651,job_search,2026-08-16 21:25:42.619067,85370.0,linkedin
user_624,job_search,2026-08-11 13:25:42.619067,,linkedin
user_433,application_submitted,2026-08-13 06:25:42.619067,116526.0,google
user_660,application_started,2026-08-21 20:25:42.619067,99243.0,google
user_977,application_submitted,2026-08-13 11:25:42.619067,91870.0,linkedin
user_823,application_submitted,2026-08-13 03:25:42.619067,134585.0,linkedin
user_918,application_started,2026-08-02 14:25:42.619067,173969.0,google
user_331,application_submitted,2026-08-16 23:25:42.619067,152286.0,linkedin
user_964,job_search,2026-08-18 01:25:42.619067,67348.0,referral
user_482,application_started,2026-08-10 20:25:42.619067,81071.0,google
user_190,page_view,2026-08-01 19:25:42.619067,96283.0,linkedin
user_46,job_search,2026-08-07 03:25:42.619067,179230.0,linkedin
user_246,page_view,2026-08-22 14:25:42.619067,109267.0,referral
user_880,page_view,2026-08-30 22:25:42.619067,81527.0,direct
user_501,job_search,2026-08-15 10:25:42.619067,127113.0,linkedin
user_932,application_started,2026-08-17 21:25:42.619067,140116.0,linkedin
user_844,page_view,2026-08-25 17:25:42.619067,70553.0,direct
user_664,application_started,2026-08-20 12:25:42.619067,103977.0,linkedin
user_881,application_started,2026-08-22 06:25:42.619067,165288.0,referral
user_132,application_started,2026-08-02 02:25:42.619067,72198.0,referral
user_604,application_started,2026-08-14 21:25:42.619067,196698.0,google
user_14,application_started,2026-08-19 23:25:42.619067,111393.0,google
user_639,page_view,2026-08-24 03:25:42.619067,174469.0,direct
user_428,application_started,2026-08-18 06:25:42.619067,71247.0,referral
user_577,application_submitted,2026-08-08 19:25:42.619067,174018.0,direct
user_133,job_search,2026-08-05 14:25:42.619067,45721.0,direct
user_842,page_view,2026-08-03 20:25:42.619067,74236.0,linkedin
user_277,application_submitted,2026-08-18 05:25:42.619067,88664.0,linkedin
user_619,application_started,2026-08-11 21:25:42.619067,73102.0,direct
user_560,job_search,2026-08-26 10:25:42.619067,190884.0,google
user_138,page_view,2026-08-16 04:25:42.619067,97004.0,referral
user_970,application_submitted,2026-08-03 01:25:42.619067,91660.0,google
user_282,application_submitted,2026-08-22 19:25:42.620066,130680.0,referral
user_879,application_started,2026-08-03 20:25:42.620066,112095.0,linkedin
user_302,job_search,2026-08-25 15:25:42.620066,182196.0,referral
user_713,job_search,2026-08-30 02:25:42.620066,,direct
user_364,application_started,2026-08-05 11:25:42.620066,124804.0,linkedin
user_817,job_search,2026-08-04 13:25:42.620066,59126.0,google
user_505,job_search,2026-08-15 17:25:42.620066,44838.0,direct
user_957,job_search,2026-08-15 05:25:42.620066,157695.0,google
user_543,application_submitted,2026-08-01 15:25:42.620066,120443.0,direct
user_190,application_submitted,2026-08-04 12:25:42.620066,66542.0,direct
user_470,page_view,2026-08-11 01:25:42.620066,164324.0,direct
user_750,job_search,2026-08-03 10:25:42.620066,56293.0,google
user_732,application_submitted,2026-08-07 02:25:42.620066,129746.0,referral
user_810,page_view,2026-08-12 06:25:42.620066,83815.0,referral
user_978,application_started,2026-08-11 05:25:42.620066,184962.0,google
user_614,job_search,2026-08-03 03:25:42.620066,102578.0,linkedin
user_709,application_submitted,2026-08-05 09:25:42.620066,,referral
user_585,application_started,2026-08-05 18:25:42.620066,138935.0,referral
user_845,page_view,2026-08-08 18:25:42.620066,76607.0,direct
user_728,job_search,2026-08-16 01:25:42.620066,187736.0,linkedin
user_934,page_view,2026-08-08 05:25:42.620066,48120.0,referral
user_742,page_view,2026-08-07 10:25:42.620066,93912.0,linkedin
user_948,application_submitted,2026-08-22 04:25:42.620066,145498.0,linkedin
user_220,application_started,2026-08-29 23:25:42.620066,161304.0,referral
user_271,application_submitted,2026-08-05 04:25:42.620066,128226.0,referral
user_799,job_search,2026-08-11 01:25:42.620066,50408.0,direct
user_522,page_view,2026-08-12 14:25:42.620066,48158.0,direct
user_93,application_submitted,2026-08-07 05:25:42.620066,88236.0,referral
user_196,job_search,2026-08-10 03:25:42.620066,,referral
user_827,application_started,2026-08-07 23:25:42.620066,,linkedin
user_980,application_submitted,2026-08-12 03:25:42.620066,,referral
user_544,application_started,2026-08-06 15:25:42.620066,,linkedin
user_713,application_submitted,2026-08-29 12:25:42.620066,168147.0,direct
user_308,application_submitted,2026-08-24 01:25:42.620066,176494.0,linkedin
user_50,page_view,2026-08-05 21:25:42.620066,,direct
user_417,page_view,2026-09-01 01:25:42.620066,141418.0,linkedin
user_963,job_search,2026-08-08 00:25:42.620066,57868.0,referral
user_713,page_view,2026-08-21 03:25:42.620066,136952.0,referral
user_206,application_started,2026-08-30 05:25:42.620066,164923.0,referral
user_574,application_submitted,2026-09-01 04:25:42.620066,171454.0,google
user_571,job_search,2026-08-28 23:25:42.620066,118020.0,linkedin
user_826,application_submitted,2026-08-20 16:25:42.620066,155489.0,referral
user_251,job_search,2026-08-07 23:25:42.620066,192939.0,google
user_381,job_search,2026-08-20 15:25:42.620066,195193.0,referral
user_604,application_started,2026-08-31 03:25:42.620066,80333.0,linkedin
user_322,job_search,2026-08-28 01:25:42.620066,81795.0,direct
user_179,page_view,2026-08-03 15:25:42.620066,163244.0,direct
user_298,application_started,2026-08-24 15:25:42.620066,,referral
user_831,application_submitted,2026-08-02 00:25:42.620066,81202.0,linkedin
user_64,job_search,2026-08-19 15:25:42.620066,114313.0,linkedin
user_176,page_view,2026-08-15 08:25:42.620066,57548.0,google
user_476,application_started,2026-08-09 04:25:42.620066,,linkedin
user_644,application_started,2026-08-31 01:25:42.620066,50755.0,direct
user_375,application_submitted,2026-08-17 11:25:42.620066,130202.0,linkedin
user_8,application_submitted,2026-08-28 21:25:42.620066,119389.0,referral
user_147,application_submitted,2026-08-19 16:25:42.620066,185509.0,referral
user_11,page_view,2026-08-17 02:25:42.620066,173761.0,direct
user_40,application_started,2026-08-24 02:25:42.620066,171831.0,referral
user_763,application_started,2026-08-12 08:25:42.620066,106946.0,linkedin
user_499,application_submitted,2026-08-10 13:25:42.620066,118122.0,linkedin
user_117,page_view,2026-08-14 01:25:42.620066,90782.0,linkedin
user_122,application_started,2026-08-04 21:25:42.620066,120138.0,referral
user_148,job_search,2026-08-14 20:25:42.620066,148696.0,google
user_153,application_started,2026-08-29 22:25:42.620066,84128.0,referral
user_194,page_view,2026-08-23 11:25:42.620066,112674.0,google
user_993,page_view,2026-08-08 11:25:42.620066,151465.0,direct
user_977,application_submitted,2026-08-07 21:25:42.620066,95693.0,direct
user_625,page_view,2026-08-07 18:25:42.620066,107964.0,linkedin
user_711,application_started,2026-08-17 21:25:42.620066,120546.0,direct
user_137,application_submitted,2026-08-28 11:25:42.620066,170005.0,google
user_51,application_submitted,2026-08-14 14:25:42.620066,94947.0,linkedin
user_272,job_search,2026-08-22 17:25:42.620066,81029.0,linkedin
user_843,application_submitted,2026-08-20 20:25:42.620066,129693.0,google
user_655,page_view,2026-08-21 13:25:42.620066,176893.0,direct
user_43,application_submitted,2026-08-11 00:25:42.620066,117918.0,direct
user_366,application_started,2026-08-18 14:25:42.620066,96147.0,referral
user_241,page_view,2026-08-23 11:25:42.620066,104011.0,referral
user_389,job_search,2026-08-12 00:25:42.620066,190450.0,direct
user_951,page_view,2026-08-29 23:25:42.620066,96702.0,direct
user_171,application_started,2026-08-11 06:25:42.620066,139803.0,google
user_603,page_view,2026-08-12 06:25:42.620066,123499.0,direct
user_603,job_search,2026-08-13 22:25:42.620066,,referral
user_263,application_submitted,2026-08-21 20:25:42.620066,147164.0,direct
user_789,application_submitted,2026-08-24 03:25:42.620066,81504.0,google
user_387,page_view,2026-08-05 21:25:42.620066,87577.0,google
user_394,application_started,2026-08-05 13:25:42.620066,94098.0,linkedin
user_157,application_started,2026-08-17 22:25:42.620066,152746.0,direct
user_176,application_started,2026-08-07 02:25:42.620066,194622.0,referral
user_188,job_search,2026-08-10 19:25:42.620066,158050.0,google
user_717,application_started,2026-08-21 16:25:42.620066,111035.0,linkedin
user_167,job_search,2026-08-03 17:25:42.620066,76713.0,google
user_399,application_submitted,2026-08-19 19:25:42.620066,58846.0,google
user_115,application_submitted,2026-08-31 02:25:42.620066,126048.0,google
user_444,application_submitted,2026-08-21 10:25:42.620066,117503.0,linkedin
user_336,page_view,2026-08-22 00:25:42.620066,180763.0,linkedin
user_939,page_view,2026-08-13 01:25:42.620066,76339.0,google
user_584,page_view,2026-08-28 20:25:42.620066,75008.0,linkedin
user_218,application_submitted,2026-08-06 14:25:42.620066,106973.0,direct
user_335,page_view,2026-08-13 10:25:42.620066,195265.0,google
user_887,page_view,2026-08-21 12:25:42.620066,185140.0,linkedin
user_898,page_view,2026-08-09 16:25:42.620066,131434.0,direct
user_934,job_search,2026-08-15 08:25:42.620066,,referral
user_207,job_search,2026-08-16 06:25:42.620066,129821.0,linkedin
user_868,application_started,2026-08-29 02:25:42.620066,147548.0,direct
user_252,page_view,2026-08-10 11:25:42.620066,134697.0,direct
user_712,page_view,2026-08-13 12:25:42.620066,112194.0,direct
user_951,application_started,2026-08-29 07:25:42.620066,,direct
user_46,job_search,2026-08-18 10:25:42.620066,182111.0,google
user_266,job_search,2026-08-20 07:25:42.620066,150952.0,linkedin
user_321,job_search,2026-08-22 21:25:42.620066,74050.0,direct
user_79,application_started,2026-08-26 08:25:42.620066,94410.0,direct
user_708,job_search,2026-08-01 21:25:42.620066,183257.0,google
user_782,page_view,2026-08-28 01:25:42.620066,174048.0,google
user_160,job_search,2026-08-12 11:25:42.620066,133570.0,linkedin
user_582,job_search,2026-08-02 00:25:42.620066,130263.0,direct
user_568,job_search,2026-08-04 08:25:42.620066,131784.0,linkedin
user_861,application_submitted,2026-08-02 17:25:42.620066,49659.0,google
user_642,application_started,2026-08-16 20:25:42.620066,62803.0,referral
user_559,application_submitted,2026-08-05 23:25:42.620066,,direct
user_515,job_search,2026-08-24 14:25:42.620066,139242.0,linkedin
user_668,page_view,2026-08-23 22:25:42.620066,161294.0,google
user_309,application_submitted,2026-08-07 18:25:42.620066,115092.0,linkedin
user_405,application_started,2026-08-22 15:25:42.620066,78218.0,linkedin
user_315,application_started,2026-08-30 13:25:42.620066,103053.0,linkedin
user_471,job_search,2026-08-10 21:25:42.620066,51731.0,google
user_734,page_view,2026-09-01 05:25:42.620066,64943.0,linkedin
user_104,application_started,2026-08-11 13:25:42.620066,118033.0,direct
user_728,job_search,2026-08-23 23:25:42.620066,194792.0,linkedin
user_352,application_submitted,2026-08-22 15:25:42.620066,,direct
user_391,application_submitted,2026-08-18 19:25:42.620066,101300.0,linkedin
user_805,application_started,2026-08-11 18:25:42.620066,184559.0,linkedin
user_941,page_view,2026-08-13 21:25:42.620066,197098.0,linkedin
user_148,application_started,2026-08-24 11:25:42.620066,,referral
user_578,application_started,2026-08-08 08:25:42.620066,132546.0,referral
user_382,page_view,2026-08-04 19:25:42.620066,193629.0,direct
user_370,page_view,2026-08-06 04:25:42.620066,77295.0,direct
user_982,application_submitted,2026-08-31 23:25:42.620066,192120.0,direct
user_275,application_submitted,2026-08-29 01:25:42.620066,70083.0,linkedin
user_895,page_view,2026-08-01 22:25:42.620066,105799.0,google
user_743,application_submitted,2026-08-14 01:25:42.620066,99090.0,linkedin
user_23,job_search,2026-08-07 08:25:42.620066,153791.0,referral
user_366,page_view,2026-08-03 19:25:42.620066,53702.0,referral
user_927,application_submitted,2026-08-26 22:25:42.620066,108399.0,referral
user_145,application_started,2026-08-17 19:25:42.620066,195995.0,google
user_241,job_search,2026-08-24 08:25:42.620066,44243.0,referral
user_936,job_search,2026-09-01 07:25:42.620066,105844.0,direct
user_575,application_started,2026-08-26 04:25:42.620066,156485.0,referral
user_312,application_submitted,2026-08-15 07:25:42.620066,51867.0,linkedin
user_433,application_started,2026-08-03 22:25:42.620066,166999.0,direct
user_110,application_started,2026-08-03 05:25:42.620066,83853.0,direct
user_857,application_submitted,2026-08-30 05:25:42.620066,97985.0,linkedin
user_142,application_submitted,2026-08-17 11:25:42.620066,159172.0,google
user_532,application_submitted,2026-09-01 09:25:42.620066,115403.0,linkedin
user_952,page_view,2026-08-02 08:25:42.620066,103220.0,direct
user_180,job_search,2026-08-02 14:25:42.620066,143940.0,linkedin
user_470,job_search,2026-08-06 23:25:42.620066,99558.0,google
user_497,job_search,2026-08-09 11:25:42.620066,132955.0,google
user_322,page_view,2026-08-17 04:25:42.620066,54930.0,linkedin
user_595,page_view,2026-08-19 05:25:42.620066,111060.0,linkedin
user_661,application_submitted,2026-08-03 10:25:42.620066,146846.0,referral
user_652,application_started,2026-08-17 00:25:42.620066,71991.0,linkedin
user_279,application_started,2026-08-21 22:25:42.620066,62849.0,google
user_471,application_started,2026-08-03 11:25:42.620066,45194.0,direct
user_345,application_started,2026-08-02 18:25:42.620066,183894.0,google
user_663,application_started,2026-08-17 21:25:42.620066,130080.0,linkedin
user_936,job_search,2026-08-21 10:25:42.620066,64756.0,referral
user_63,job_search,2026-08-23 14:25:42.620066,,google
user_261,page_view,2026-08-06 06:25:42.620066,136033.0,linkedin
user_302,application_submitted,2026-08-08 14:25:42.620066,106696.0,google
user_514,application_started,2026-08-06 22:25:42.620066,175014.0,linkedin
user_567,job_search,2026-08-14 03:25:42.620066,115702.0,referral
user_797,application_submitted,2026-08-29 13:25:42.620066,131938.0,direct
user_944,page_view,2026-08-10 16:25:42.620066,149333.0,referral
user_791,application_submitted,2026-08-18 04:25:42.620066,199802.0,direct
user_964,page_view,2026-08-22 11:25:42.620066,54831.0,linkedin
user_103,application_started,2026-08-31 04:25:42.620066,123692.0,referral
user_96,application_submitted,2026-08-26 06:25:42.620066,74089.0,referral
user_279,page_view,2026-09-01 10:25:42.620066,64177.0,linkedin
user_401,application_submitted,2026-08-14 05:25:42.620066,159774.0,direct
user_760,page_view,2026-08-22 04:25:42.620066,131978.0,google
user_418,application_submitted,2026-08-12 11:25:42.620066,116153.0,linkedin
user_477,application_submitted,2026-08-03 15:25:42.620066,47892.0,google
user_261,job_search,2026-08-14 18:25:42.620066,56471.0,referral
user_385,application_started,2026-08-02 07:25:42.620066,136030.0,linkedin
user_430,page_view,2026-08-28 14:25:42.620066,128673.0,direct
user_413,page_view,2026-08-16 00:25:42.620066,135705.0,referral
user_216,page_view,2026-08-04 08:25:42.620066,40042.0,referral
user_615,application_started,2026-08-30 01:25:42.620066,133129.0,linkedin
user_309,job_search,2026-08-24 13:25:42.620066,44428.0,direct
user_795,page_view,2026-08-19 08:25:42.620066,,referral
user_211,page_view,2026-08-26 06:25:42.620066,89102.0,google
user_355,job_search,2026-08-31 23:25:42.620066,154550.0,google
user_92,job_search,2026-08-13 23:25:42.620066,115444.0,linkedin
user_801,page_view,2026-08-02 00:25:42.620066,165733.0,direct
user_503,application_started,2026-08-14 20:25:42.620066,163284.0,direct
user_364,application_started,2026-08-12 00:25:42.620066,111284.0,google
user_340,application_submitted,2026-08-09 16:25:42.620066,179066.0,google
user_501,job_search,2026-08-22 00:25:42.620066,129549.0,google
user_15,page_view,2026-08-21 08:25:42.620066,109032.0,referral
user_884,job_search,2026-08-16 08:25:42.620066,84290.0,linkedin
user_39,page_view,2026-08-27 17:25:42.620066,179714.0,google
user_795,application_started,2026-08-31 18:25:42.620066,64306.0,referral
user_354,job_search,2026-08-29 20:25:42.620066,186939.0,direct
user_480,application_submitted,2026-08-02 21:25:42.620066,145678.0,direct
user_272,page_view,2026-08-21 08:25:42.620066,133257.0,direct
user_771,job_search,2026-08-07 10:25:42.620066,163169.0,google
user_90,job_search,2026-08-21 13:25:42.620066,,google
user_520,application_started,2026-08-05 02:25:42.620066,46827.0,linkedin
user_612,application_started,2026-08-08 03:25:42.620066,197193.0,referral
user_188,application_submitted,2026-08-21 08:25:42.620066,143418.0,direct
user_673,application_submitted,2026-08-13 12:25:42.620066,,referral
user_996,job_search,2026-08-22 00:25:42.620066,197574.0,direct
user_199,page_view,2026-08-31 07:25:42.620066,122196.0,linkedin
user_366,page_view,2026-08-31 01:25:42.620066,160972.0,google
user_950,page_view,2026-08-30 21:25:42.620066,182145.0,google
user_400,page_view,2026-08-02 00:25:42.620066,,referral
user_560,application_started,2026-08-22 11:25:42.620066,73466.0,direct
user_309,application_started,2026-08-10 15:25:42.620066,83283.0,direct
user_505,page_view,2026-08-31 17:25:42.620066,95691.0,linkedin
user_656,application_started,2026-08-19 19:25:42.620066,50470.0,direct
user_655,job_search,2026-08-26 12:25:42.620066,187672.0,google
user_631,job_search,2026-08-31 19:25:42.620066,179705.0,linkedin
user_800,page_view,2026-08-21 05:25:42.620066,192774.0,google
user_460,application_started,2026-08-27 02:25:42.620066,,referral
user_428,job_search,2026-08-21 15:25:42.620066,54471.0,direct
user_504,application_started,2026-08-15 01:25:42.620066,146182.0,google
user_398,application_started,2026-08-05 17:25:42.620066,75039.0,google
user_433,application_submitted,2026-08-25 03:25:42.620066,141865.0,google
user_963,page_view,2026-08-08 16:25:42.620066,192202.0,google
user_510,application_started,2026-08-13 13:25:42.620066,114477.0,linkedin
user_250,application_submitted,2026-08-25 02:25:42.620066,129123.0,linkedin
user_953,job_search,2026-08-30 17:25:42.620066,93788.0,referral
user_467,application_submitted,2026-08-08 12:25:42.620066,199510.0,direct
user_378,application_submitted,2026-08-09 03:25:42.620066,48028.0,linkedin
user_213,application_submitted,2026-08-27 16:25:42.620066,174465.0,google
user_784,application_started,2026-08-25 06:25:42.620066,154391.0,referral
user_33,page_view,2026-08-08 02:25:42.620066,,referral
user_848,job_search,2026-08-19 21:25:42.620066,118938.0,linkedin
user_497,application_submitted,2026-08-26 22:25:42.620066,143912.0,direct
user_213,page_view,2026-08-07 13:25:42.620066,80456.0,referral
user_479,application_submitted,2026-08-13 20:25:42.620066,86156.0,direct
user_228,application_started,2026-08-06 16:25:42.620066,178935.0,linkedin
user_653,application_submitted,2026-08-28 11:25:42.620066,,google
user_760,job_search,2026-08-11 12:25:42.620066,120385.0,google
user_973,job_search,2026-08-08 07:25:42.620066,135406.0,referral
user_485,application_submitted,2026-08-27 07:25:42.620066,141421.0,linkedin
user_926,application_submitted,2026-08-12 08:25:42.620066,194680.0,linkedin
user_397,application_submitted,2026-08-08 15:25:42.620066,107665.0,linkedin
user_958,job_search,2026-08-11 06:25:42.620066,95588.0,linkedin
user_69,application_submitted,2026-08-12 01:25:42.620066,86369.0,direct
user_60,application_submitted,2026-08-26 23:25:42.620066,189265.0,referral
user_485,application_started,2026-08-13 19:25:42.620066,183888.0,linkedin
user_671,application_started,2026-08-14 02:25:42.620066,181462.0,linkedin
user_828,page_view,2026-08-30 03:25:42.620066,75095.0,direct
user_832,application_started,2026-08-17 05:25:42.620066,,referral
user_287,job_search,2026-08-28 23:25:42.620066,101772.0,linkedin
user_227,application_started,2026-08-19 22:25:42.620066,197042.0,referral
user_618,application_submitted,2026-08-17 11:25:42.620066,,referral
user_714,page_view,2026-08-21 13:25:42.620066,160102.0,referral
user_117,application_started,2026-08-25 17:25:42.620066,59107.0,referral
user_42,application_started,2026-08-05 10:25:42.620066,164901.0,referral
user_916,application_started,2026-08-29 03:25:42.620066,183400.0,referral
user_227,job_search,2026-08-03 23:25:42.620066,167215.0,direct
user_878,application_submitted,2026-08-10 14:25:42.620066,68545.0,google
user_778,page_view,2026-08-12 21:25:42.620066,162748.0,google
user_622,application_started,2026-08-28 15:25:42.620066,133493.0,direct
user_827,application_started,2026-08-05 19:25:42.620066,110485.0,google
user_134,application_submitted,2026-08-25 20:25:42.620066,168339.0,linkedin
user_936,application_submitted,2026-08-09 07:25:42.620066,130841.0,referral
user_660,application_submitted,2026-08-18 01:25:42.620066,183224.0,google
user_953,job_search,2026-08-31 13:25:42.620066,103883.0,linkedin
user_288,application_started,2026-08-17 01:25:42.620066,48473.0,google
user_533,job_search,2026-08-29 08:25:42.620066,166645.0,direct
user_268,application_started,2026-08-13 14:25:42.620066,151739.0,referral
user_308,application_submitted,2026-08-09 16:25:42.620066,140135.0,google
user_762,page_view,2026-08-11 15:25:42.620066,114022.0,referral
user_129,application_started,2026-08-27 07:25:42.620066,65544.0,referral
user_389,page_view,2026-08-28 05:25:42.620066,184846.0,google
user_767,application_started,2026-08-02 12:25:42.620066,155621.0,direct
user_534,job_search,2026-08-23 02:25:42.620066,184344.0,direct
user_434,job_search,2026-08-02 11:25:42.620066,183007.0,google
user_991,application_started,2026-08-22 04:25:42.620066,132104.0,linkedin
user_969,application_started,2026-08-06 18:25:42.620066,83910.0,direct
user_46,job_search,2026-08-26 15:25:42.620066,,direct
user_77,page_view,2026-08-29 10:25:42.620066,,google
user_406,application_started,2026-08-06 12:25:42.620066,94461.0,direct
user_281,page_view,2026-08-12 17:25:42.620066,82432.0,google
user_639,job_search,2026-08-23 18:25:42.620066,121360.0,google
user_287,job_search,2026-08-17 19:25:42.620066,56411.0,google
user_459,application_started,2026-08-11 03:25:42.620066,113620.0,linkedin
user_32,page_view,2026-08-27 17:25:42.620066,146438.0,referral
user_976,application_submitted,2026-08-14 10:25:42.620066,,linkedin
user_377,job_search,2026-08-01 22:25:42.620066,51322.0,referral
user_186,job_search,2026-08-02 19:25:42.620066,165575.0,linkedin
user_960,application_submitted,2026-08-01 13:25:42.620066,172707.0,google
user_404,page_view,2026-08-03 02:25:42.620066,178315.0,direct
user_686,job_search,2026-08-21 09:25:42.620066,119562.0,linkedin
user_971,job_search,2026-08-09 05:25:42.620066,141896.0,referral
user_873,job_search,2026-08-26 05:25:42.620066,131180.0,referral
user_265,application_submitted,2026-08-29 10:25:42.620066,114853.0,linkedin
user_305,application_started,2026-08-14 19:25:42.620066,143566.0,direct
user_304,application_started,2026-08-07 10:25:42.620066,99805.0,google
user_482,application_started,2026-08-26 04:25:42.620066,116788.0,referral
user_161,job_search,2026-08-11 07:25:42.620066,114778.0,linkedin
user_409,job_search,2026-08-23 18:25:42.620066,,referral
user_54,job_search,2026-08-20 03:25:42.620066,,linkedin
user_29,application_submitted,2026-08-07 08:25:42.620066,150300.0,linkedin
user_51,application_submitted,2026-08-22 07:25:42.620066,176904.0,referral
user_614,job_search,2026-08-27 10:25:42.620066,135459.0,direct
user_411,application_started,2026-08-15 08:25:42.620066,152280.0,direct
user_454,application_submitted,2026-08-31 11:25:42.620066,130063.0,referral
user_905,application_started,2026-08-25 15:25:42.620066,111528.0,direct
user_196,application_submitted,2026-08-13 11:25:42.620066,198943.0,linkedin
user_132,application_submitted,2026-08-04 08:25:42.620066,65954.0,referral
user_133,application_submitted,2026-08-19 23:25:42.620066,,linkedin
user_485,job_search,2026-08-04 06:25:42.620066,45731.0,linkedin
user_505,page_view,2026-08-11 09:25:42.620066,152291.0,google
user_336,application_submitted,2026-08-08 03:25:42.620066,127701.0,google
user_242,application_submitted,2026-08-30 22:25:42.620066,145856.0,linkedin
user_710,page_view,2026-08-25 17:25:42.620066,133736.0,google
user_73,page_view,2026-08-02 15:25:42.620066,162834.0,direct
user_530,application_started,2026-08-15 23:25:42.620066,78011.0,linkedin
user_110,application_submitted,2026-08-06 01:25:42.620066,,direct
user_32,application_submitted,2026-08-20 14:25:42.620066,136893.0,direct
user_358,application_submitted,2026-08-21 12:25:42.620066,,google
user_78,application_submitted,2026-09-01 03:25:42.620066,127455.0,referral
user_937,application_submitted,2026-08-04 16:25:42.620066,166078.0,linkedin
user_900,application_submitted,2026-08-11 07:25:42.620066,180624.0,direct
user_669,application_submitted,2026-08-18 02:25:42.620066,181567.0,direct
user_315,job_search,2026-08-27 20:25:42.620066,169877.0,linkedin
user_950,job_search,2026-08-16 23:25:42.620066,99596.0,referral
user_59,application_submitted,2026-08-05 16:25:42.620066,190702.0,referral
user_379,application_submitted,2026-08-21 06:25:42.620066,87745.0,direct
user_970,job_search,2026-08-19 23:25:42.620066,42978.0,linkedin
user_372,application_started,2026-08-09 09:25:42.620066,118128.0,linkedin
user_821,page_view,2026-08-05 02:25:42.620066,129494.0,google
user_54,page_view,2026-08-16 02:25:42.620066,178547.0,referral
user_907,job_search,2026-08-10 04:25:42.620066,,referral
user_628,page_view,2026-08-31 06:25:42.620066,64908.0,direct
user_923,job_search,2026-08-03 00:25:42.620066,105941.0,direct
user_458,job_search,2026-08-05 18:25:42.620066,161340.0,google
user_693,application_submitted,2026-08-08 19:25:42.621064,174002.0,direct
user_5,application_submitted,2026-08-30 10:25:42.621064,47129.0,google
user_6,application_started,2026-08-05 22:25:42.621064,188444.0,linkedin
user_521,application_started,2026-08-26 10:25:42.621064,45837.0,google
user_417,page_view,2026-08-03 06:25:42.621064,170179.0,google
user_551,page_view,2026-08-25 09:25:42.621064,154297.0,referral
user_676,page_view,2026-08-15 19:25:42.621064,138425.0,referral
user_106,application_submitted,2026-08-10 05:25:42.621064,76952.0,referral
user_685,application_started,2026-09-01 05:25:42.621064,138076.0,google
user_176,application_started,2026-08-28 23:25:42.621064,46143.0,direct
user_535,application_submitted,2026-08-22 03:25:42.621064,112876.0,google
user_792,application_submitted,2026-08-02 22:25:42.621064,107653.0,google
user_126,application_started,2026-08-10 17:25:42.621064,170272.0,direct
user_11,application_started,2026-08-11 13:25:42.621064,57369.0,linkedin
user_396,application_started,2026-08-12 00:25:42.621064,199281.0,direct
user_334,job_search,2026-08-02 08:25:42.621064,115389.0,google
user_838,page_view,2026-08-05 23:25:42.621064,111320.0,linkedin
user_819,job_search,2026-08-15 00:25:42.621064,61815.0,referral
user_997,page_view,2026-08-06 16:25:42.621064,50351.0,direct
user_112,job_search,2026-08-22 04:25:42.621064,110490.0,linkedin
user_648,page_view,2026-08-06 10:25:42.621064,100593.0,direct
user_126,page_view,2026-08-03 13:25:42.621064,192637.0,google
user_361,application_submitted,2026-08-26 15:25:42.621064,129074.0,direct
user_174,application_submitted,2026-08-11 19:25:42.621064,179730.0,referral
user_252,application_started,2026-08-10 19:25:42.621064,176591.0,referral
user_392,job_search,2026-08-01 23:25:42.621064,97674.0,direct
user_931,page_view,2026-08-19 02:25:42.621064,96877.0,direct
user_459,page_view,2026-08-04 08:25:42.621064,126466.0,linkedin
user_852,application_started,2026-08-10 21:25:42.621064,64087.0,google
user_201,page_view,2026-08-28 05:25:42.621064,,referral
user_890,job_search,2026-08-26 07:25:42.621064,,referral
user_719,application_started,2026-08-19 07:25:42.621064,62498.0,google
user_747,application_submitted,2026-08-24 04:25:42.621064,155832.0,direct
user_83,page_view,2026-08-30 10:25:42.621064,46336.0,direct
user_442,application_submitted,2026-08-26 10:25:42.621064,92622.0,direct
user_958,job_search,2026-08-12 03:25:42.621064,,linkedin
user_647,application_started,2026-08-16 23:25:42.621064,97972.0,linkedin
user_439,page_view,2026-08-03 14:25:42.621064,112286.0,linkedin
user_111,page_view,2026-08-18 12:25:42.621064,137579.0,google
user_941,application_submitted,2026-08-25 15:25:42.621064,183138.0,linkedin
user_420,application_started,2026-08-07 11:25:42.621064,,linkedin
user_572,page_view,2026-08-28 21:25:42.621064,162434.0,linkedin
user_324,page_view,2026-08-12 07:25:42.621064,89675.0,google
user_713,job_search,2026-08-31 10:25:42.621064,193039.0,linkedin
user_596,application_submitted,2026-08-09 03:25:42.621064,145423.0,referral
user_394,job_search,2026-08-11 13:25:42.621064,121435.0,linkedin
user_588,application_submitted,2026-08-06 17:25:42.621064,80398.0,referral
user_995,job_search,2026-08-17 01:25:42.621064,163278.0,google
user_529,page_view,2026-08-02 18:25:42.621064,49007.0,linkedin
user_428,application_submitted,2026-08-16 19:25:42.621064,158192.0,referral
user_694,application_started,2026-08-27 13:25:42.621064,130576.0,google
user_795,application_started,2026-08-04 03:25:42.621064,51178.0,google
user_403,application_submitted,2026-08-27 13:25:42.621064,109049.0,google
user_41,job_search,2026-08-04 17:25:42.621064,160364.0,google
user_783,job_search,2026-08-14 00:25:42.621064,129933.0,google
user_163,application_started,2026-08-25 14:25:42.621064,117367.0,linkedin
user_297,application_submitted,2026-08-04 03:25:42.621064,88918.0,direct
user_600,page_view,2026-08-11 14:25:42.621064,152098.0,linkedin
user_485,application_started,2026-08-18 15:25:42.621064,119986.0,google
user_204,job_search,2026-08-05 07:25:42.621064,138128.0,direct
user_232,page_view,2026-08-30 08:25:42.621064,,direct
user_334,job_search,2026-08-02 22:25:42.621064,199491.0,direct
user_152,page_view,2026-08-22 13:25:42.621064,98748.0,google
user_6,application_started,2026-08-09 07:25:42.621064,67714.0,linkedin
user_720,job_search,2026-08-04 03:25:42.621064,,google
user_4,application_started,2026-08-11 15:25:42.621064,127632.0,referral
user_32,page_view,2026-08-16 05:25:42.621064,193746.0,referral
user_39,page_view,2026-08-11 11:25:42.621064,139466.0,referral
user_372,page_view,2026-08-25 15:25:42.621064,77816.0,google
user_229,application_submitted,2026-08-05 09:25:42.621064,,referral
user_878,application_started,2026-08-07 23:25:42.621064,136053.0,google
user_606,job_search,2026-08-01 14:25:42.621064,148697.0,direct
user_794,job_search,2026-08-31 23:25:42.621064,182428.0,linkedin
user_439,job_search,2026-08-13 05:25:42.621064,175984.0,google
user_969,job_search,2026-08-22 06:25:42.621064,45025.0,referral
user_568,application_submitted,2026-08-06 14:25:42.621064,78216.0,direct
user_383,application_submitted,2026-08-10 22:25:42.621064,120317.0,google
user_402,application_started,2026-08-29 10:25:42.621064,49065.0,linkedin
user_364,application_started,2026-08-05 11:25:42.621064,88453.0,direct
user_441,page_view,2026-08-13 14:25:42.621064,74678.0,linkedin
user_335,application_submitted,2026-08-20 12:25:42.621064,97944.0,google
user_571,job_search,2026-08-30 22:25:42.621064,181472.0,direct
user_952,job_search,2026-08-03 16:25:42.621064,78220.0,referral
user_407,application_submitted,2026-08-05 20:25:42.621064,50884.0,google
user_543,page_view,2026-09-01 12:25:42.621064,182056.0,referral
user_198,page_view,2026-08-03 15:25:42.621064,57673.0,google
user_815,page_view,2026-08-09 02:25:42.621064,77153.0,google
user_89,application_started,2026-08-13 13:25:42.621064,117055.0,linkedin
user_529,page_view,2026-08-17 15:25:42.621064,189278.0,direct
user_859,application_submitted,2026-08-12 06:25:42.621064,111320.0,linkedin
user_581,job_search,2026-08-03 17:25:42.621064,126778.0,google
user_861,page_view,2026-08-22 00:25:42.621064,137955.0,direct
user_892,job_search,2026-08-16 16:25:42.621064,70030.0,referral
user_463,application_submitted,2026-08-27 03:25:42.621064,,google
user_220,application_started,2026-08-18 11:25:42.621064,77766.0,referral
user_813,page_view,2026-08-06 14:25:42.621064,62779.0,direct
user_325,application_submitted,2026-08-03 02:25:42.621064,88811.0,google
user_111,job_search,2026-08-12 15:25:42.621064,,referral
user_457,job_search,2026-08-19 22:25:42.621064,170368.0,linkedin
user_711,job_search,2026-08-05 21:25:42.621064,75715.0,referral
user_257,page_view,2026-08-30 05:25:42.621064,131770.0,linkedin
user_736,job_search,2026-08-04 22:25:42.621064,57993.0,referral
user_918,job_search,2026-08-28 06:25:42.621064,47776.0,referral
user_87,application_started,2026-08-18 20:25:42.621064,194447.0,google
user_645,application_submitted,2026-08-02 00:25:42.621064,92855.0,google
user_553,application_submitted,2026-08-21 19:25:42.621064,175234.0,linkedin
user_500,application_submitted,2026-08-24 09:25:42.621064,126365.0,direct
user_166,page_view,2026-08-01 18:25:42.621064,112208.0,direct
user_358,application_submitted,2026-08-22 20:25:42.621064,78506.0,linkedin
user_299,application_submitted,2026-08-11 20:25:42.621064,190474.0,direct
user_772,job_search,2026-08-06 08:25:42.621064,162583.0,referral
user_401,application_started,2026-08-21 07:25:42.621064,42825.0,direct
user_601,application_started,2026-08-23 09:25:42.621064,132030.0,direct
user_552,application_submitted,2026-08-18 15:25:42.621064,70840.0,linkedin
user_111,job_search,2026-08-10 11:25:42.621064,101609.0,google
user_529,application_started,2026-08-02 22:25:42.621064,191794.0,direct
user_289,page_view,2026-08-21 01:25:42.621064,172630.0,linkedin
user_858,application_started,2026-08-03 18:25:42.621064,189431.0,direct
user_790,application_started,2026-08-05 09:25:42.621064,78295.0,direct
user_222,application_submitted,2026-08-19 17:25:42.621064,183946.0,linkedin
user_38,application_started,2026-08-29 13:25:42.621064,124133.0,direct
user_453,job_search,2026-08-23 22:25:42.621064,187812.0,referral
user_649,application_submitted,2026-08-03 11:25:42.621064,131059.0,google
user_403,application_started,2026-08-11 05:25:42.621064,44422.0,direct
user_793,application_started,2026-08-30 04:25:42.621064,85055.0,google
user_855,page_view,2026-08-28 19:25:42.621064,131971.0,direct
user_705,page_view,2026-08-07 01:25:42.621064,,google
user_102,application_started,2026-08-31 22:25:42.621064,167935.0,direct
user_447,application_started,2026-08-02 07:25:42.621064,87179.0,direct
user_405,job_search,2026-08-17 01:25:42.621064,103089.0,linkedin
user_260,application_started,2026-08-05 09:25:42.621064,,direct
user_476,page_view,2026-08-25 05:25:42.621064,77417.0,linkedin
user_921,page_view,2026-08-07 21:25:42.621064,83172.0,linkedin
user_539,page_view,2026-08-04 17:25:42.621064,130377.0,referral
user_27,application_started,2026-08-15 18:25:42.621064,196064.0,direct
user_180,application_submitted,2026-08-13 09:25:42.621064,157004.0,referral
user_477,job_search,2026-08-06 09:25:42.621064,167259.0,google
user_300,application_submitted,2026-08-20 11:25:42.621064,96553.0,direct
user_589,application_started,2026-08-11 02:25:42.621064,,direct
user_976,job_search,2026-08-02 14:25:42.621064,,linkedin
user_698,job_search,2026-09-01 06:25:42.621064,68747.0,google
user_146,job_search,2026-08-12 11:25:42.621064,50825.0,linkedin
user_265,application_submitted,2026-08-16 23:25:42.621064,76645.0,referral
user_311,application_submitted,2026-08-19 16:25:42.621064,171363.0,google
user_968,job_search,2026-08-09 12:25:42.621064,123123.0,linkedin
user_829,job_search,2026-08-31 01:25:42.621064,143807.0,direct
user_626,job_search,2026-08-06 08:25:42.621064,68840.0,direct
user_476,job_search,2026-08-17 15:25:42.621064,57783.0,referral
user_860,page_view,2026-08-11 16:25:42.621064,,google
user_136,application_started,2026-08-26 21:25:42.621064,84717.0,direct
user_91,application_submitted,2026-08-07 01:25:42.621064,57945.0,google
user_969,application_started,2026-08-15 05:25:42.621064,122179.0,linkedin
user_914,job_search,2026-08-23 19:25:42.621064,148228.0,linkedin
user_231,application_submitted,2026-08-23 19:25:42.621064,107430.0,referral
user_142,application_started,2026-08-12 21:25:42.621064,118741.0,google
user_416,job_search,2026-08-15 22:25:42.621064,162372.0,google
user_141,page_view,2026-08-09 02:25:42.621064,76410.0,google
user_832,application_started,2026-08-30 03:25:42.621064,171480.0,direct
user_633,page_view,2026-08-04 05:25:42.621064,78071.0,direct
user_180,application_submitted,2026-08-14 08:25:42.621064,42001.0,referral
user_209,page_view,2026-09-01 07:25:42.621064,47518.0,linkedin
user_565,application_submitted,2026-08-04 19:25:42.621064,107526.0,referral
user_903,page_view,2026-08-23 09:25:42.621064,109212.0,google
user_903,application_submitted,2026-08-11 10:25:42.621064,100446.0,direct
user_329,page_view,2026-08-03 22:25:42.621064,119801.0,referral
user_770,application_started,2026-08-05 02:25:42.621064,,referral
user_707,application_submitted,2026-08-18 15:25:42.621064,156173.0,linkedin
user_546,page_view,2026-08-10 13:25:42.621064,180000.0,referral
user_757,page_view,2026-08-26 05:25:42.621064,105169.0,linkedin
user_103,application_submitted,2026-08-04 12:25:42.621064,190911.0,google
user_456,job_search,2026-08-14 16:25:42.621064,113847.0,direct
user_671,application_submitted,2026-08-03 20:25:42.621064,192577.0,referral
user_3,page_view,2026-08-31 20:25:42.621064,134864.0,referral
user_206,job_search,2026-08-02 00:25:42.621064,59267.0,linkedin
user_607,page_view,2026-08-04 00:25:42.621064,,linkedin
user_964,job_search,2026-08-25 12:25:42.621064,196791.0,google
user_765,job_search,2026-08-30 21:25:42.621064,186922.0,referral
user_712,application_submitted,2026-08-17 12:25:42.621064,52962.0,direct
user_749,job_search,2026-08-09 17:25:42.621064,176124.0,linkedin
user_596,application_started,2026-08-14 04:25:42.621064,87789.0,linkedin
user_821,application_started,2026-08-22 12:25:42.621064,,direct
user_385,job_search,2026-08-29 05:25:42.621064,122805.0,linkedin
user_451,page_view,2026-08-06 18:25:42.621064,121755.0,direct
user_325,application_submitted,2026-08-24 15:25:42.621064,117459.0,direct
user_517,job_search,2026-08-15 20:25:42.621064,51890.0,direct
user_475,job_search,2026-08-03 09:25:42.621064,90251.0,direct
user_115,application_started,2026-08-22 14:25:42.621064,196111.0,referral
user_125,application_started,2026-08-26 17:25:42.621064,119476.0,referral
user_38,page_view,2026-08-14 21:25:42.621064,187430.0,referral
user_167,page_view,2026-08-13 21:25:42.621064,130808.0,google
user_627,application_started,2026-08-05 17:25:42.621064,166354.0,google
user_180,job_search,2026-08-28 01:25:42.621064,176385.0,direct
user_184,application_started,2026-08-06 16:25:42.621064,165030.0,referral
user_733,page_view,2026-08-12 13:25:42.621064,158653.0,direct
user_517,application_started,2026-08-06 17:25:42.621064,76392.0,referral
user_301,application_started,2026-08-16 14:25:42.621064,52419.0,referral
user_976,application_started,2026-08-22 20:25:42.621064,41459.0,google
user_476,job_search,2026-08-16 18:25:42.621064,,google
user_751,application_started,2026-08-29 09:25:42.621064,156381.0,linkedin
user_280,page_view,2026-08-04 13:25:42.621064,90724.0,referral
user_347,page_view,2026-08-26 20:25:42.621064,67850.0,direct
user_139,page_view,2026-08-25 18:25:42.621064,129196.0,linkedin
user_295,job_search,2026-08-22 16:25:42.621064,139991.0,referral
user_979,page_view,2026-08-06 03:25:42.621064,182116.0,referral
user_740,application_submitted,2026-08-28 00:25:42.621064,199772.0,linkedin
user_909,page_view,2026-08-10 04:25:42.621064,,direct
user_361,application_started,2026-08-03 01:25:42.621064,56799.0,google
user_682,page_view,2026-08-05 19:25:42.621064,97013.0,linkedin
user_452,job_search,2026-08-12 17:25:42.621064,93131.0,referral
user_733,job_search,2026-08-09 00:25:42.621064,169069.0,direct
user_617,application_submitted,2026-08-09 09:25:42.621064,189658.0,linkedin
user_543,application_started,2026-08-13 16:25:42.621064,90576.0,linkedin
user_150,application_started,2026-08-18 01:25:42.621064,116578.0,referral
user_42,application_submitted,2026-08-29 04:25:42.621064,,linkedin
user_696,application_submitted,2026-08-11 10:25:42.621064,170183.0,referral
user_554,job_search,2026-08-10 20:25:42.621064,181298.0,linkedin
user_677,application_submitted,2026-08-26 08:25:42.621064,168588.0,direct
user_759,job_search,2026-08-22 14:25:42.621064,87373.0,direct
user_887,application_started,2026-08-26 18:25:42.621064,81135.0,linkedin
user_253,job_search,2026-08-27 21:25:42.621064,56988.0,linkedin
user_465,job_search,2026-08-01 22:25:42.621064,133751.0,google
user_956,page_view,2026-08-04 18:25:42.621064,179519.0,linkedin
user_530,page_view,2026-08-07 17:25:42.621064,90296.0,referral
user_335,application_started,2026-08-22 12:25:42.621064,,linkedin
user_431,application_started,2026-08-25 20:25:42.621064,153851.0,direct
user_298,application_submitted,2026-08-11 13:25:42.621064,198553.0,referral
user_575,application_started,2026-08-03 13:25:42.621064,105675.0,referral
user_737,application_started,2026-08-04 07:25:42.621064,159356.0,direct
user_131,page_view,2026-08-20 05:25:42.621064,94206.0,linkedin
user_475,application_submitted,2026-08-25 12:25:42.621064,71201.0,referral
user_191,application_submitted,2026-08-19 22:25:42.621064,184905.0,google
user_850,application_submitted,2026-08-29 05:25:42.621064,150729.0,linkedin
user_872,job_search,2026-08-10 03:25:42.621064,92879.0,google
user_660,page_view,2026-08-18 22:25:42.621064,49693.0,referral
user_237,application_submitted,2026-08-24 06:25:42.621064,99647.0,referral
user_625,page_view,2026-08-07 09:25:42.621064,169350.0,referral
user_415,application_submitted,2026-08-28 00:25:42.621064,48074.0,linkedin
user_369,page_view,2026-08-05 17:25:42.621064,,google
user_315,application_submitted,2026-08-05 14:25:42.621064,52608.0,referral
user_795,job_search,2026-08-14 16:25:42.621064,,google
user_303,application_started,2026-08-05 05:25:42.621064,44898.0,linkedin
user_409,job_search,2026-08-26 09:25:42.621064,149281.0,referral
user_790,job_search,2026-08-07 10:25:42.621064,159845.0,linkedin
user_34,application_submitted,2026-08-02 16:25:42.621064,48916.0,google
user_842,page_view,2026-08-13 01:25:42.621064,151975.0,google
user_32,application_submitted,2026-08-08 18:25:42.621064,69938.0,direct
user_439,page_view,2026-08-06 03:25:42.621064,168687.0,linkedin
user_649,application_started,2026-08-10 17:25:42.621064,177922.0,direct
user_392,job_search,2026-08-11 16:25:42.621064,93706.0,direct
user_159,page_view,2026-08-05 03:25:42.621064,65729.0,direct
user_138,application_submitted,2026-08-02 10:25:42.621064,167866.0,google
user_101,job_search,2026-08-15 20:25:42.621064,48141.0,google
user_290,application_started,2026-08-14 16:25:42.621064,182181.0,google
user_972,application_started,2026-08-06 23:25:42.621064,73082.0,referral
user_126,application_started,2026-08-11 01:25:42.621064,172338.0,google
user_264,job_search,2026-08-22 08:25:42.621064,191617.0,google
user_389,application_started,2026-08-26 11:25:42.621064,,google
user_518,job_search,2026-08-08 04:25:42.621064,50118.0,referral
user_727,application_submitted,2026-08-31 12:25:42.621064,100189.0,direct
user_658,job_search,2026-08-02 21:25:42.621064,115133.0,google
user_44,application_started,2026-08-11 07:25:42.621064,122343.0,direct
user_908,job_search,2026-08-20 08:25:42.621064,,referral
user_114,page_view,2026-08-29 10:25:42.621064,128397.0,google
user_374,application_submitted,2026-08-20 15:25:42.621064,132636.0,referral
user_496,page_view,2026-08-06 20:25:42.621064,64424.0,referral
user_2,job_search,2026-08-22 07:25:42.621064,143630.0,linkedin
user_868,application_submitted,2026-08-02 00:25:42.621064,180976.0,google
user_488,page_view,2026-08-11 06:25:42.621064,161210.0,linkedin
user_145,application_submitted,2026-08-25 17:25:42.621064,,linkedin
user_808,page_view,2026-08-27 15:25:42.621064,105563.0,google
user_200,job_search,2026-08-16 11:25:42.621064,173812.0,referral
user_588,application_started,2026-08-13 22:25:42.621064,130302.0,google
user_656,page_view,2026-08-26 15:25:42.621064,,linkedin
user_441,application_submitted,2026-08-08 16:25:42.621064,123788.0,direct
user_6,job_search,2026-08-07 06:25:42.621064,46949.0,direct
user_398,application_started,2026-09-01 01:25:42.621064,149598.0,direct
user_389,application_submitted,2026-08-16 18:25:42.621064,91837.0,linkedin
user_770,application_submitted,2026-08-23 11:25:42.621064,138191.0,referral
user_704,page_view,2026-08-01 13:25:42.621064,120852.0,linkedin
user_345,job_search,2026-08-20 13:25:42.621064,125405.0,referral
user_840,page_view,2026-08-23 08:25:42.621064,109678.0,referral
user_41,application_started,2026-08-11 14:25:42.621064,147030.0,linkedin
user_185,application_submitted,2026-08-21 09:25:42.621064,165579.0,linkedin
user_705,job_search,2026-08-10 13:25:42.621064,,referral
user_810,application_started,2026-08-23 08:25:42.621064,45923.0,referral
user_262,job_search,2026-08-25 03:25:42.621064,82745.0,linkedin
user_683,page_view,2026-08-11 13:25:42.621064,66354.0,linkedin
user_998,application_started,2026-08-06 17:25:42.621064,179615.0,direct
user_534,job_search,2026-08-10 22:25:42.621064,183992.0,linkedin
user_542,page_view,2026-08-21 07:25:42.621064,133771.0,direct
user_568,job_search,2026-08-21 20:25:42.621064,123407.0,google
user_663,application_submitted,2026-08-29 13:25:42.621064,138283.0,google
user_324,page_view,2026-08-26 00:25:42.621064,168993.0,direct
user_403,job_search,2026-08-08 13:25:42.621064,130910.0,linkedin
user_819,application_started,2026-08-10 08:25:42.621064,51875.0,google
user_333,page_view,2026-08-31 05:25:42.621064,77718.0,linkedin
user_32,job_search,2026-08-20 18:25:42.621064,162318.0,referral
user_642,application_submitted,2026-08-05 23:25:42.621064,159520.0,direct
user_838,application_submitted,2026-08-23 10:25:42.621064,122456.0,direct
user_25,page_view,2026-08-11 00:25:42.621064,75700.0,linkedin
user_707,job_search,2026-08-31 18:25:42.621064,151742.0,direct
user_97,application_started,2026-08-08 09:25:42.621064,114676.0,linkedin
user_708,page_view,2026-08-15 13:25:42.621064,46170.0,linkedin
user_394,job_search,2026-08-24 17:25:42.621064,,linkedin
user_496,application_started,2026-08-27 18:25:42.621064,139898.0,referral
user_590,job_search,2026-08-04 16:25:42.621064,81329.0,google
user_871,page_view,2026-08-04 20:25:42.621064,124573.0,direct
user_272,job_search,2026-08-22 20:25:42.621064,132369.0,direct
user_863,application_submitted,2026-08-27 13:25:42.621064,118061.0,direct
user_515,page_view,2026-08-28 14:25:42.621064,188265.0,referral
user_776,application_started,2026-08-10 22:25:42.621064,58652.0,referral
user_140,job_search,2026-08-09 19:25:42.621064,169983.0,referral
user_571,application_submitted,2026-08-04 13:25:42.621064,166606.0,referral
user_988,application_started,2026-08-17 21:25:42.621064,140275.0,linkedin
user_7,job_search,2026-08-05 06:25:42.621064,135123.0,google
user_88,job_search,2026-08-25 21:25:42.621064,102818.0,linkedin
user_754,application_started,2026-08-22 08:25:42.621064,137938.0,referral
user_928,page_view,2026-08-10 04:25:42.621064,82149.0,referral
user_911,application_started,2026-08-14 20:25:42.621064,130120.0,direct
user_280,page_view,2026-08-27 15:25:42.621064,70126.0,referral
user_515,page_view,2026-08-24 03:25:42.621064,179609.0,google
user_774,job_search,2026-08-14 05:25:42.621064,98760.0,linkedin
user_663,application_started,2026-08-07 01:25:42.621064,154342.0,linkedin
user_269,application_started,2026-08-29 14:25:42.621064,123731.0,direct
user_178,job_search,2026-08-06 10:25:42.621064,181002.0,google
user_257,application_submitted,2026-08-10 20:25:42.621064,99014.0,google
user_955,page_view,2026-08-26 15:25:42.621064,104422.0,google
user_287,page_view,2026-08-21 01:25:42.621064,154372.0,referral
user_190,job_search,2026-08-23 03:25:42.621064,88421.0,google
user_643,application_submitted,2026-08-17 07:25:42.621064,67416.0,linkedin
user_385,application_started,2026-08-16 15:25:42.621064,192872.0,linkedin
user_536,page_view,2026-08-12 15:25:42.621064,177807.0,google
user_40,application_submitted,2026-08-11 05:25:42.621064,185102.0,google
user_488,application_submitted,2026-08-28 08:25:42.621064,88801.0,direct
user_319,job_search,2026-08-08 10:25:42.621064,187318.0,direct
user_977,application_started,2026-08-29 07:25:42.621064,172489.0,google
user_729,page_view,2026-08-03 11:25:42.621064,115215.0,referral
user_487,page_view,2026-08-24 09:25:42.621064,135919.0,referral
user_164,application_started,2026-08-08 04:25:42.621064,,referral
user_603,job_search,2026-08-09 23:25:42.621064,181505.0,referral
user_477,page_view,2026-08-06 10:25:42.621064,55112.0,direct
user_754,job_search,2026-08-16 13:25:42.621064,,direct
user_497,page_view,2026-08-02 21:25:42.621064,60183.0,direct
user_273,page_view,2026-08-27 01:25:42.621064,142503.0,linkedin
user_782,application_submitted,2026-08-22 20:25:42.622064,,direct
user_977,application_submitted,2026-08-05 19:25:42.622064,196842.0,referral
user_103,application_submitted,2026-08-06 08:25:42.622064,72096.0,referral
user_443,application_started,2026-08-22 10:25:42.622064,121010.0,referral
user_531,job_search,2026-08-05 01:25:42.622064,169195.0,direct
user_306,job_search,2026-08-09 05:25:42.622064,99618.0,referral
user_386,application_submitted,2026-08-15 00:25:42.622064,83308.0,direct
user_898,application_submitted,2026-08-08 14:25:42.622064,76983.0,referral
user_662,application_started,2026-08-23 01:25:42.622064,175657.0,referral
user_631,page_view,2026-08-25 21:25:42.622064,48483.0,referral
user_106,job_search,2026-08-23 00:25:42.622064,,referral
user_562,application_submitted,2026-08-26 15:25:42.622064,135422.0,google
user_959,page_view,2026-08-09 22:25:42.622064,199304.0,direct
user_43,page_view,2026-08-24 11:25:42.622064,193065.0,direct
user_454,job_search,2026-08-09 02:25:42.622064,46998.0,referral
user_290,job_search,2026-08-24 18:25:42.622064,68568.0,google
user_683,application_submitted,2026-08-10 01:25:42.622064,43189.0,referral
user_681,application_submitted,2026-08-10 20:25:42.622064,72689.0,direct
user_982,application_submitted,2026-08-28 05:25:42.622064,164896.0,referral
user_333,application_submitted,2026-08-28 23:25:42.622064,,direct
user_839,page_view,2026-08-18 11:25:42.622064,131508.0,google
user_782,application_started,2026-08-12 05:25:42.622064,56296.0,referral
user_72,application_started,2026-08-07 08:25:42.622064,138620.0,referral
user_586,application_submitted,2026-08-31 13:25:42.622064,159539.0,direct
user_754,page_view,2026-08-18 13:25:42.622064,73898.0,google
user_393,job_search,2026-08-12 04:25:42.622064,137812.0,referral
user_629,page_view,2026-08-13 02:25:42.622064,199416.0,linkedin
user_70,job_search,2026-08-20 20:25:42.622064,57385.0,direct
user_853,job_search,2026-08-26 15:25:42.622064,120235.0,google
user_9,page_view,2026-08-28 10:25:42.622064,178583.0,direct
user_743,application_submitted,2026-08-26 16:25:42.622064,126337.0,direct
user_410,application_submitted,2026-08-23 09:25:42.622064,152301.0,referral
user_964,application_started,2026-08-20 05:25:42.622064,,referral
user_681,page_view,2026-08-15 13:25:42.622064,177868.0,linkedin
user_577,application_submitted,2026-08-11 16:25:42.622064,188385.0,google
user_848,page_view,2026-08-30 08:25:42.622064,181204.0,linkedin
user_568,application_started,2026-08-22 15:25:42.622064,160827.0,referral
user_734,application_submitted,2026-08-16 06:25:42.622064,195211.0,direct
user_397,page_view,2026-08-28 12:25:42.622064,181158.0,google
user_429,application_submitted,2026-08-21 07:25:42.622064,180504.0,linkedin
user_102,application_submitted,2026-08-18 12:25:42.622064,108670.0,google
user_684,job_search,2026-08-05 19:25:42.622064,110974.0,linkedin
user_63,application_started,2026-08-04 13:25:42.622064,120743.0,direct
user_385,job_search,2026-08-28 04:25:42.622064,117498.0,google
user_829,page_view,2026-08-25 06:25:42.622064,43162.0,google
user_448,application_submitted,2026-08-14 23:25:42.622064,42665.0,linkedin
user_219,job_search,2026-08-24 14:25:42.622064,,google
user_597,application_started,2026-08-15 18:25:42.622064,79134.0,linkedin
user_10,page_view,2026-08-29 16:25:42.622064,53027.0,referral
user_622,application_submitted,2026-08-13 06:25:42.622064,94179.0,referral
user_264,application_submitted,2026-08-25 15:25:42.622064,167881.0,linkedin
user_940,page_view,2026-08-17 22:25:42.622064,60267.0,direct
user_405,application_submitted,2026-08-11 10:25:42.622064,111535.0,linkedin
user_423,job_search,2026-08-25 05:25:42.622064,122263.0,referral
user_837,job_search,2026-08-24 23:25:42.622064,46708.0,referral
user_68,job_search,2026-08-04 08:25:42.622064,172396.0,linkedin
user_778,application_started,2026-08-05 00:25:42.622064,111333.0,linkedin
user_604,page_view,2026-08-22 23:25:42.622064,112251.0,referral
user_889,application_started,2026-08-08 09:25:42.622064,139430.0,referral
user_222,application_submitted,2026-08-12 08:25:42.622064,,linkedin
user_525,job_search,2026-08-09 03:25:42.622064,169214.0,linkedin
user_719,application_started,2026-08-11 21:25:42.622064,179967.0,linkedin
user_212,job_search,2026-08-18 21:25:42.622064,152282.0,linkedin
user_241,job_search,2026-08-19 19:25:42.622064,111735.0,referral
user_754,application_started,2026-08-20 02:25:42.622064,131462.0,referral
user_548,job_search,2026-08-30 07:25:42.622064,157002.0,referral
user_461,job_search,2026-08-27 10:25:42.622064,146780.0,referral
user_920,application_started,2026-08-15 04:25:42.622064,149963.0,direct
user_757,job_search,2026-08-07 12:25:42.622064,42995.0,referral
user_658,application_submitted,2026-08-27 19:25:42.622064,193043.0,linkedin
user_136,job_search,2026-08-30 14:25:42.622064,47836.0,linkedin
user_611,page_view,2026-08-12 03:25:42.622064,88393.0,direct
user_893,application_started,2026-08-26 02:25:42.622064,,google
user_271,job_search,2026-08-22 23:25:42.622064,66462.0,referral
user_35,job_search,2026-08-17 20:25:42.622064,177705.0,direct
user_81,job_search,2026-08-17 06:25:42.622064,45706.0,direct
user_409,job_search,2026-08-07 18:25:42.622064,120321.0,referral
user_717,job_search,2026-08-13 14:25:42.622064,106195.0,direct
user_430,application_submitted,2026-08-17 15:25:42.622064,52569.0,linkedin
user_81,job_search,2026-08-12 09:25:42.622064,198800.0,referral
user_622,page_view,2026-08-12 09:25:42.622064,54244.0,linkedin
user_23,application_started,2026-08-15 20:25:42.622064,87554.0,direct
user_448,application_submitted,2026-08-07 10:25:42.622064,195085.0,referral
user_772,job_search,2026-08-22 08:25:42.622064,41865.0,direct
user_163,application_started,2026-08-08 18:25:42.622064,106872.0,google
user_586,page_view,2026-08-27 12:25:42.622064,122444.0,google
user_770,application_submitted,2026-08-08 02:25:42.622064,,google
user_886,job_search,2026-08-17 23:25:42.622064,98624.0,google
user_480,application_submitted,2026-08-08 10:25:42.622064,115014.0,linkedin
user_653,application_submitted,2026-08-02 14:25:42.622064,187237.0,direct
user_585,application_submitted,2026-08-16 14:25:42.622064,45762.0,referral
user_96,application_submitted,2026-08-11 09:25:42.622064,,google
user_489,job_search,2026-08-25 07:25:42.622064,185261.0,direct
user_306,application_started,2026-08-10 17:25:42.622064,105549.0,referral
user_815,job_search,2026-08-17 09:25:42.622064,114258.0,linkedin
user_522,job_search,2026-09-01 01:25:42.622064,137473.0,referral
user_552,application_submitted,2026-08-11 04:25:42.622064,68410.0,direct
user_946,application_started,2026-08-12 10:25:42.622064,111425.0,google
user_451,application_started,2026-08-19 04:25:42.622064,176149.0,google
user_824,application_submitted,2026-08-05 19:25:42.622064,179843.0,linkedin
user_988,page_view,2026-08-09 08:25:42.622064,160304.0,direct
user_96,job_search,2026-08-26 20:25:42.622064,57337.0,direct
user_892,job_search,2026-08-21 16:25:42.622064,190208.0,direct
user_296,page_view,2026-08-28 00:25:42.622064,159516.0,referral
user_606,page_view,2026-08-30 00:25:42.622064,171233.0,referral
user_58,application_started,2026-08-06 06:25:42.622064,,direct
user_438,job_search,2026-08-22 04:25:42.622064,158240.0,google
user_480,application_started,2026-08-03 20:25:42.622064,,direct
user_919,application_started,2026-08-02 16:25:42.622064,122137.0,direct
user_898,job_search,2026-08-30 06:25:42.622064,134063.0,google
user_949,application_submitted,2026-08-02 20:25:42.622064,85762.0,direct
user_556,page_view,2026-08-04 19:25:42.622064,115393.0,referral
user_776,application_submitted,2026-08-05 18:25:42.622064,104580.0,referral
user_667,job_search,2026-08-20 18:25:42.622064,102369.0,linkedin
user_630,page_view,2026-08-04 06:25:42.622064,91004.0,referral
user_425,job_search,2026-08-13 10:25:42.622064,56899.0,direct
user_424,page_view,2026-08-02 16:25:42.622064,193496.0,direct
user_816,page_view,2026-08-20 12:25:42.622064,171384.0,direct
user_390,page_view,2026-08-08 11:25:42.622064,65004.0,direct
user_839,application_started,2026-08-23 00:25:42.622064,175158.0,google
user_51,application_started,2026-08-08 16:25:42.622064,112454.0,direct
user_382,application_started,2026-08-04 15:25:42.622064,,linkedin
user_744,application_submitted,2026-08-23 08:25:42.622064,186616.0,direct
user_268,application_started,2026-08-27 18:25:42.622064,,referral
user_186,application_submitted,2026-08-21 12:25:42.622064,163953.0,linkedin
user_694,job_search,2026-08-17 03:25:42.622064,93874.0,google
user_753,application_submitted,2026-08-05 17:25:42.622064,184545.0,direct
user_32,job_search,2026-08-29 14:25:42.622064,92182.0,referral
user_501,application_submitted,2026-08-09 09:25:42.622064,103106.0,google
user_975,application_started,2026-08-04 12:25:42.622064,66762.0,direct
user_786,application_started,2026-08-04 22:25:42.622064,,referral
user_44,application_started,2026-08-17 01:25:42.622064,80480.0,linkedin
user_711,page_view,2026-08-14 13:25:42.622064,73506.0,google
user_862,application_submitted,2026-08-15 03:25:42.622064,144714.0,google
user_801,job_search,2026-08-19 03:25:42.622064,191669.0,referral
user_665,page_view,2026-08-26 11:25:42.622064,124378.0,google
user_923,job_search,2026-08-07 23:25:42.622064,55004.0,direct
user_700,job_search,2026-08-21 18:25:42.622064,97615.0,referral
user_801,application_submitted,2026-08-24 19:25:42.622064,,google
user_706,job_search,2026-08-31 19:25:42.622064,163590.0,google
user_542,page_view,2026-08-09 20:25:42.622064,199909.0,google
user_886,job_search,2026-08-01 16:25:42.622064,171458.0,linkedin
user_339,application_submitted,2026-08-26 09:25:42.622064,135459.0,linkedin
user_673,job_search,2026-08-09 11:25:42.622064,89507.0,direct
user_630,application_submitted,2026-08-29 06:25:42.622064,90655.0,linkedin
user_752,application_submitted,2026-08-02 21:25:42.622064,124297.0,direct
user_932,application_submitted,2026-08-10 12:25:42.622064,110161.0,referral
user_943,job_search,2026-08-03 06:25:42.622064,,direct
user_125,application_started,2026-08-08 01:25:42.622064,116521.0,direct
user_267,job_search,2026-08-21 11:25:42.622064,147810.0,referral
user_482,page_view,2026-08-06 04:25:42.622064,177346.0,direct
user_707,page_view,2026-08-08 14:25:42.622064,135302.0,referral
user_422,job_search,2026-08-15 22:25:42.622064,,direct
user_710,job_search,2026-08-16 11:25:42.622064,64818.0,google
user_626,application_submitted,2026-08-16 16:25:42.622064,67583.0,linkedin
user_621,application_submitted,2026-08-29 19:25:42.622064,148519.0,referral
user_145,job_search,2026-08-02 15:25:42.622064,75202.0,google
user_622,page_view,2026-08-19 21:25:42.622064,,referral
user_202,application_started,2026-08-07 23:25:42.622064,84007.0,linkedin
user_775,application_started,2026-08-06 17:25:42.622064,131668.0,direct
user_856,job_search,2026-08-12 00:25:42.622064,,direct
user_898,page_view,2026-08-10 22:25:42.622064,,google
user_606,application_submitted,2026-08-25 15:25:42.622064,55333.0,direct
user_860,application_started,2026-08-07 10:25:42.622064,119613.0,google
user_77,page_view,2026-08-18 11:25:42.622064,54241.0,direct
user_560,job_search,2026-08-27 07:25:42.622064,155978.0,referral
user_880,application_submitted,2026-08-31 08:25:42.622064,138182.0,google
user_359,application_started,2026-08-21 00:25:42.622064,,direct
user_926,application_submitted,2026-08-26 19:25:42.622064,,google
user_468,application_started,2026-08-17 12:25:42.622064,199866.0,linkedin
user_419,application_started,2026-08-26 18:25:42.622064,176769.0,linkedin
user_477,application_submitted,2026-08-18 16:25:42.622064,45759.0,referral
user_340,page_view,2026-09-01 04:25:42.622064,197462.0,google
user_302,application_submitted,2026-08-06 16:25:42.622064,50509.0,linkedin
user_491,application_submitted,2026-08-15 19:25:42.622064,198208.0,linkedin
user_957,page_view,2026-08-11 12:25:42.622064,90421.0,google
user_636,application_started,2026-08-04 00:25:42.622064,69957.0,direct
user_629,page_view,2026-08-04 10:25:42.622064,,direct
user_388,job_search,2026-08-19 18:25:42.622064,191601.0,google
user_6,job_search,2026-08-25 16:25:42.622064,49151.0,google
user_511,job_search,2026-08-24 20:25:42.622064,130683.0,referral
user_6,page_view,2026-08-03 20:25:42.622064,88032.0,google
user_663,page_view,2026-08-25 10:25:42.622064,94649.0,referral
user_433,job_search,2026-08-27 20:25:42.622064,81795.0,direct
user_950,application_started,2026-08-11 11:25:42.622064,40693.0,direct
user_440,job_search,2026-08-02 10:25:42.622064,,linkedin
user_31,page_view,2026-08-16 23:25:42.622064,88503.0,google
user_0,application_submitted,2026-08-22 03:25:42.622064,74161.0,referral
user_845,application_started,2026-08-09 08:25:42.622064,148811.0,google
user_960,page_view,2026-09-01 01:25:42.622064,92005.0,linkedin
user_106,job_search,2026-08-27 18:25:42.622064,191767.0,google
user_144,page_view,2026-08-09 17:25:42.622064,92589.0,referral
user_830,application_started,2026-08-27 12:25:42.622064,110867.0,referral
user_249,page_view,2026-08-11 23:25:42.622064,185783.0,linkedin
user_881,application_started,2026-08-19 21:25:42.622064,147456.0,referral
user_301,application_submitted,2026-08-15 00:25:42.622064,159297.0,direct
user_480,page_view,2026-08-29 16:25:42.622064,96606.0,referral
user_561,job_search,2026-08-07 19:25:42.622064,181907.0,direct
user_485,page_view,2026-08-17 12:25:42.622064,112006.0,referral
user_173,job_search,2026-08-09 14:25:42.622064,99598.0,referral
user_607,application_submitted,2026-08-01 22:25:42.622064,89444.0,linkedin
user_502,page_view,2026-08-12 08:25:42.622064,141953.0,referral
user_945,application_submitted,2026-08-17 04:25:42.622064,146115.0,linkedin
user_375,page_view,2026-08-11 01:25:42.622064,78801.0,referral
user_652,page_view,2026-08-27 22:25:42.622064,104214.0,referral
user_55,application_started,2026-08-01 13:25:42.622064,150144.0,google
user_800,page_view,2026-08-20 00:25:42.622064,74614.0,linkedin
user_111,application_submitted,2026-08-05 21:25:42.622064,107148.0,referral
user_152,page_view,2026-08-11 19:25:42.622064,147907.0,linkedin
user_944,job_search,2026-08-13 23:25:42.622064,117424.0,google
user_300,page_view,2026-08-31 18:25:42.622064,92932.0,google
user_646,job_search,2026-08-11 21:25:42.622064,183909.0,linkedin
user_405,page_view,2026-08-29 20:25:42.622064,186210.0,referral
user_936,job_search,2026-08-24 06:25:42.622064,174707.0,google
user_684,job_search,2026-08-01 15:25:42.622064,193437.0,direct
user_600,application_submitted,2026-08-18 05:25:42.622064,96296.0,direct
user_349,page_view,2026-08-31 17:25:42.622064,,google
user_133,job_search,2026-08-02 06:25:42.622064,104961.0,linkedin
user_905,application_started,2026-08-27 00:25:42.622064,190314.0,google
user_474,application_submitted,2026-08-08 21:25:42.622064,174657.0,direct
user_306,page_view,2026-08-25 19:25:42.622064,98088.0,direct
user_282,application_started,2026-08-13 23:25:42.622064,60568.0,linkedin
user_366,application_submitted,2026-08-26 21:25:42.622064,120341.0,linkedin
user_696,page_view,2026-08-20 02:25:42.622064,158900.0,referral
user_231,job_search,2026-08-28 02:25:42.622064,,google
user_779,application_started,2026-08-24 20:25:42.622064,137130.0,google
user_485,application_submitted,2026-08-13 01:25:42.622064,163527.0,direct
user_68,application_submitted,2026-08-06 10:25:42.622064,186574.0,linkedin
user_576,application_submitted,2026-08-30 03:25:42.622064,98769.0,referral
user_544,application_started,2026-08-21 17:25:42.622064,98502.0,referral
user_530,application_started,2026-08-01 17:25:42.622064,79918.0,direct
user_855,application_started,2026-08-12 02:25:42.622064,109938.0,referral
user_571,job_search,2026-08-18 05:25:42.622064,150572.0,linkedin
user_669,application_started,2026-08-21 21:25:42.622064,186951.0,linkedin
user_907,job_search,2026-08-22 14:25:42.622064,52775.0,google
user_257,page_view,2026-08-13 12:25:42.622064,,referral
user_799,application_started,2026-08-21 09:25:42.622064,126006.0,referral
user_71,application_started,2026-08-06 13:25:42.622064,41988.0,direct
user_66,application_submitted,2026-09-01 07:25:42.622064,143522.0,direct
user_286,application_submitted,2026-08-26 12:25:42.622064,59961.0,direct
user_348,job_search,2026-08-04 14:25:42.622064,70553.0,linkedin
user_977,application_started,2026-08-15 23:25:42.622064,50133.0,direct
user_455,application_submitted,2026-08-23 19:25:42.622064,99785.0,direct
user_681,application_submitted,2026-08-14 05:25:42.622064,99147.0,google
user_52,page_view,2026-08-29 02:25:42.622064,93154.0,referral
user_579,application_started,2026-08-09 03:25:42.622064,176053.0,google
user_20,application_submitted,2026-08-20 21:25:42.622064,109659.0,linkedin
user_83,page_view,2026-08-03 12:25:42.622064,165731.0,direct
user_867,page_view,2026-08-08 14:25:42.622064,49551.0,linkedin
user_277,job_search,2026-08-08 06:25:42.622064,,linkedin
user_828,application_started,2026-08-03 09:25:42.622064,,direct
user_885,application_submitted,2026-08-20 20:25:42.622064,145785.0,google
user_824,job_search,2026-08-10 04:25:42.622064,147918.0,linkedin
user_182,application_submitted,2026-08-28 16:25:42.622064,174182.0,google
user_418,page_view,2026-08-16 14:25:42.622064,127678.0,google
user_410,application_started,2026-08-05 13:25:42.622064,134254.0,google
user_712,application_started,2026-08-30 00:25:42.622064,,referral
user_258,job_search,2026-08-11 05:25:42.622064,143696.0,direct
user_266,page_view,2026-08-18 04:25:42.622064,121946.0,google
user_701,application_submitted,2026-08-31 15:25:42.622064,181785.0,direct
user_550,application_submitted,2026-08-20 11:25:42.622064,158848.0,referral
user_29,application_submitted,2026-08-31 12:25:42.622064,,linkedin
user_825,application_submitted,2026-08-09 19:25:42.622064,148525.0,direct
user_917,application_submitted,2026-08-24 11:25:42.622064,199070.0,direct
user_87,job_search,2026-08-06 03:25:42.622064,86157.0,direct
user_172,application_started,2026-08-09 03:25:42.622064,166824.0,referral
user_97,application_started,2026-08-28 17:25:42.622064,130599.0,linkedin
user_800,application_submitted,2026-08-15 09:25:42.622064,100192.0,google
user_925,page_view,2026-08-17 11:25:42.622064,122669.0,linkedin
user_324,application_started,2026-08-26 07:25:42.622064,63548.0,referral
user_628,application_started,2026-08-21 01:25:42.622064,183105.0,direct
user_859,application_submitted,2026-08-12 12:25:42.622064,54417.0,referral
user_864,application_submitted,2026-08-19 19:25:42.622064,97167.0,linkedin
user_566,job_search,2026-08-20 00:25:42.622064,56452.0,direct
user_970,job_search,2026-08-26 19:25:42.622064,139701.0,referral
user_721,application_submitted,2026-08-24 02:25:42.622064,,direct
user_579,job_search,2026-08-16 12:25:42.622064,62638.0,linkedin
user_680,page_view,2026-08-18 00:25:42.622064,107842.0,google
user_743,application_started,2026-08-22 14:25:42.622064,161243.0,linkedin
user_273,job_search,2026-08-21 10:25:42.622064,126309.0,google
user_67,job_search,2026-09-01 07:25:42.622064,104987.0,google
user_748,application_submitted,2026-08-19 22:25:42.622064,66077.0,referral
user_135,page_view,2026-08-20 01:25:42.622064,40511.0,linkedin
user_597,page_view,2026-08-25 10:25:42.622064,44303.0,direct
user_921,job_search,2026-08-07 14:25:42.622064,63614.0,referral
user_220,application_submitted,2026-08-01 23:25:42.622064,77353.0,referral
user_638,application_submitted,2026-09-01 08:25:42.622064,97889.0,linkedin
user_685,application_started,2026-08-24 13:25:42.622064,156208.0,linkedin
user_699,application_submitted,2026-08-16 19:25:42.622064,,google
user_661,job_search,2026-08-07 16:25:42.622064,67147.0,linkedin
user_859,page_view,2026-08-15 10:25:42.622064,189082.0,direct
user_719,page_view,2026-08-26 14:25:42.622064,70134.0,google
user_273,job_search,2026-08-11 23:25:42.622064,57468.0,linkedin
user_543,application_submitted,2026-08-25 15:25:42.622064,140116.0,google
user_87,page_view,2026-08-11 12:25:42.622064,144329.0,linkedin
user_361,job_search,2026-08-30 09:25:42.622064,52879.0,direct
user_330,page_view,2026-08-01 15:25:42.622064,110451.0,direct
user_369,job_search,2026-08-06 09:25:42.622064,,linkedin
user_69,page_view,2026-08-06 14:25:42.622064,77315.0,google
user_351,application_submitted,2026-08-16 05:25:42.622064,120854.0,linkedin
user_501,job_search,2026-08-17 13:25:42.622064,169039.0,direct
user_725,application_started,2026-08-08 15:25:42.622064,116027.0,google
user_39,page_view,2026-08-15 15:25:42.622064,86306.0,google
user_677,application_submitted,2026-08-03 23:25:42.622064,91942.0,direct
user_667,job_search,2026-08-11 20:25:42.622064,,google
user_323,job_search,2026-08-03 20:25:42.622064,,google
user_910,application_submitted,2026-08-28 02:25:42.622064,55306.0,google
user_437,application_submitted,2026-08-16 12:25:42.622064,46705.0,referral
user_768,job_search,2026-08-15 09:25:42.622064,180010.0,google
user_193,application_started,2026-08-14 21:25:42.622064,160545.0,linkedin
user_609,application_started,2026-08-02 03:25:42.622064,196225.0,google
user_377,application_submitted,2026-08-01 20:25:42.622064,186740.0,linkedin
user_34,page_view,2026-08-02 22:25:42.622064,133103.0,linkedin
user_415,job_search,2026-08-13 15:25:42.622064,137080.0,direct
user_429,application_started,2026-08-25 17:25:42.622064,81645.0,referral
user_147,page_view,2026-08-23 11:25:42.622064,120019.0,referral
user_872,application_started,2026-08-22 22:25:42.622064,183187.0,google
user_708,job_search,2026-08-11 12:25:42.622064,88516.0,google
user_790,page_view,2026-08-06 04:25:42.622064,,linkedin
user_461,page_view,2026-08-01 14:25:42.622064,55716.0,google
user_722,job_search,2026-08-07 03:25:42.622064,153936.0,direct
user_582,page_view,2026-08-20 02:25:42.622064,55056.0,google
user_892,application_started,2026-08-12 15:25:42.622064,111511.0,direct
user_121,application_started,2026-08-20 02:25:42.622064,62372.0,referral
user_529,job_search,2026-08-08 19:25:42.622064,104436.0,google
user_819,application_started,2026-08-10 03:25:42.622064,96938.0,linkedin
user_1,job_search,2026-08-19 18:25:42.622064,87110.0,google
user_748,application_started,2026-08-03 21:25:42.622064,159685.0,direct
user_930,application_submitted,2026-08-22 04:25:42.622064,110365.0,direct
user_203,job_search,2026-08-16 21:25:42.622064,,direct
user_237,application_started,2026-08-14 07:25:42.622064,90691.0,linkedin
user_69,job_search,2026-08-06 01:25:42.622064,101191.0,direct
user_494,application_started,2026-08-25 06:25:42.622064,136155.0,linkedin
user_290,application_submitted,2026-08-20 04:25:42.622064,193309.0,google
user_648,job_search,2026-08-15 13:25:42.622064,98608.0,google
user_599,page_view,2026-08-13 10:25:42.622064,161066.0,referral
user_730,application_submitted,2026-08-26 21:25:42.622064,49686.0,linkedin
user_490,page_view,2026-08-11 05:25:42.622064,146053.0,referral
user_985,page_view,2026-08-04 05:25:42.622064,149490.0,referral
user_464,application_submitted,2026-08-16 12:25:42.622064,164528.0,direct
user_582,application_submitted,2026-08-28 18:25:42.622064,151627.0,google
user_915,application_started,2026-08-25 11:25:42.623066,186507.0,google
user_170,page_view,2026-08-08 06:25:42.623066,92010.0,referral
user_402,application_submitted,2026-08-31 06:25:42.623066,101527.0,google
user_566,job_search,2026-08-19 08:25:42.623066,150755.0,direct
user_543,application_started,2026-08-05 01:25:42.623066,165294.0,referral
user_850,application_started,2026-08-29 11:25:42.623066,114435.0,google
user_373,job_search,2026-08-02 16:25:42.623066,116184.0,referral
user_592,application_started,2026-08-16 19:25:42.623066,70381.0,linkedin
user_79,application_submitted,2026-08-24 21:25:42.623066,89915.0,referral
user_41,job_search,2026-09-01 03:25:42.623066,157120.0,google
user_665,application_started,2026-08-18 22:25:42.623066,162234.0,direct
user_126,page_view,2026-08-26 22:25:42.623066,192709.0,direct
user_513,page_view,2026-08-17 06:25:42.623066,153769.0,linkedin
user_962,application_started,2026-08-08 06:25:42.623066,138640.0,linkedin
user_997,application_started,2026-08-03 06:25:42.623066,192497.0,direct
user_115,job_search,2026-08-11 20:25:42.623066,147061.0,referral
user_536,application_submitted,2026-08-14 06:25:42.623066,,linkedin
user_319,application_started,2026-08-10 05:25:42.623066,78388.0,direct
user_916,page_view,2026-08-18 08:25:42.623066,,linkedin
user_904,application_submitted,2026-09-01 03:25:42.623066,147700.0,linkedin
user_893,job_search,2026-08-01 17:25:42.623066,148586.0,google
user_585,application_submitted,2026-08-16 14:25:42.623066,91451.0,linkedin
user_550,application_started,2026-08-17 00:25:42.623066,79478.0,direct
user_802,job_search,2026-08-07 22:25:42.623066,67217.0,google
user_960,application_submitted,2026-08-15 21:25:42.623066,156166.0,linkedin
user_334,application_started,2026-08-21 23:25:42.623066,127221.0,linkedin
user_95,application_started,2026-08-14 13:25:42.623066,52453.0,referral
user_921,application_submitted,2026-08-24 23:25:42.623066,119710.0,direct
user_450,application_submitted,2026-08-30 20:25:42.623066,122782.0,referral
user_507,page_view,2026-08-12 19:25:42.623066,41240.0,linkedin
user_956,application_started,2026-08-22 04:25:42.623066,92779.0,linkedin
user_583,application_started,2026-08-11 16:25:42.623066,,google
user_115,application_started,2026-08-31 13:25:42.623066,96172.0,linkedin
user_715,application_submitted,2026-08-16 15:25:42.623066,73388.0,linkedin
user_534,application_started,2026-08-28 17:25:42.623066,159059.0,direct
user_970,application_started,2026-08-12 14:25:42.623066,79048.0,linkedin
user_351,job_search,2026-08-23 08:25:42.623066,86211.0,referral
user_708,application_started,2026-08-23 07:25:42.623066,52313.0,direct
user_16,application_submitted,2026-08-01 19:25:42.623066,138049.0,direct
user_269,job_search,2026-08-30 13:25:42.623066,76331.0,referral
user_388,application_submitted,2026-08-16 19:25:42.623066,165753.0,direct
user_36,application_submitted,2026-08-28 12:25:42.623066,116833.0,direct
user_955,application_submitted,2026-08-18 01:25:42.623066,188304.0,direct
user_29,application_started,2026-08-24 12:25:42.623066,193268.0,direct
user_853,application_submitted,2026-08-09 19:25:42.623066,109836.0,google
user_939,application_submitted,2026-08-05 15:25:42.623066,141569.0,referral
user_816,page_view,2026-08-24 06:25:42.623066,172916.0,direct
user_82,application_submitted,2026-08-01 21:25:42.623066,,direct
user_211,application_started,2026-08-17 21:25:42.623066,163162.0,linkedin
